Workbook

Sheet AWS1_30min
G1: Вт/м2 | H1: Вт/м2 | I1: Альбедо | J1: Вт/м2 | K1: Вт/м2 | L1: °C | M1: % | N1: м/с | O1: гПа | P1: мм/30 мин
D2: Ячейка | E2: Ячейка | F2: Ячейка | G2: meas Lpnet | H2: meas Lpnet | I2: расчет | J2: meas Lpnet | K2: meas Lpnet | L2: meas | M2: meas | N2: meas | O2: meas | P2: meas
A3: Дата | B3: Время | C3: Дата&Время | D3: X | E3: Y | F3: Z | G3: Sin | H3: Sout | I3: α | J3: Lin | K3: Lout | L3: T2m | M3: RH2m | N3: WS2m | O3: p | P3: Prec
A4: 43651 | B4: 0.83333333 | C4: =A4+B4 -> 43651.833 | D4: 525465 | E4: 6300495 | F4: 2536 | G4: NODATA | H4: NODATA | I4: NODATA | J4: NODATA | K4: NODATA | L4: 7.37 | M4: 65.397 | N4: 2.998 | O4: 747.83 | P4: 0.2
A5: 43651 | B5: 0.85416667 | C5: =A5+B5 -> 43651.854 | D5: =D4 -> 525465 | E5: =E4 -> 6300495 | F5: =F4 -> 2536 | G5: NODATA | H5: NODATA | I5: NODATA | J5: NODATA | K5: NODATA | L5: 7.433 | M5: 64.775 | N5: 3.732 | O5: 748.027 | P5: 0
A6: 43651 | B6: 0.875 | C6: =A6+B6 -> 43651.875 | D6: =D5 -> 525465 | E6: =E5 -> 6300495 | F6: =F5 -> 2536 | G6: NODATA | H6: NODATA | I6: NODATA | J6: NODATA | K6: NODATA | L6: 7.182 | M6: 66.63 | N6: 3.046 | O6: 747.96 | P6: 0
A7: 43651 | B7: 0.89583333 | C7: =A7+B7 -> 43651.896 | D7: =D6 -> 525465 | E7: =E6 -> 6300495 | F7: =F6 -> 2536 | G7: NODATA | H7: NODATA | I7: NODATA | J7: NODATA | K7: NODATA | L7: 7.37 | M7: 66.184 | N7: 3.266 | O7: 748.44 | P7: 0
A8: 43651 | B8: 0.91666667 | C8: =A8+B8 -> 43651.917 | D8: =D7 -> 525465 | E8: =E7 -> 6300495 | F8: =F7 -> 2536 | G8: NODATA | H8: NODATA | I8: NODATA | J8: NODATA | K8: NODATA | L8: 7.37 | M8: 67.128 | N8: 3.128 | O8: 748.508 | P8: 0
A9: 43651 | B9: 0.9375 | C9: =A9+B9 -> 43651.938 | D9: =D8 -> 525465 | E9: =E8 -> 6300495 | F9: =F8 -> 2536 | G9: NODATA | H9: NODATA | I9: NODATA | J9: NODATA | K9: NODATA | L9: 7.496 | M9: 67.303 | N9: 3.011 | O9: 748.292 | P9: 0
A10: 43651 | B10: 0.95833333 | C10: =A10+B10 -> 43651.958 | D10: =D9 -> 525465 | E10: =E9 -> 6300495 | F10: =F9 -> 2536 | G10: NODATA | H10: NODATA | I10: NODATA | J10: NODATA | K10: NODATA | L10: 7.622 | M10: 66.376 | N10: 3.267 | O10: 748.185 | P10: 0
A11: 43651 | B11: 0.97916667 | C11: =A11+B11 -> 43651.979 | D11: =D10 -> 525465 | E11: =E10 -> 6300495 | F11: =F10 -> 2536 | G11: NODATA | H11: NODATA | I11: NODATA | J11: NODATA | K11: NODATA | L11: 7.559 | M11: 66.21 | N11: 4.89 | O11: 748 | P11: 0
A12: 43652 | B12: 0 | C12: =A12+B12 -> 43652 | D12: =D11 -> 525465 | E12: =E11 -> 6300495 | F12: =F11 -> 2536 | G12: NODATA | H12: NODATA | I12: NODATA | J12: NODATA | K12: NODATA | L12: 7.244 | M12: 66.953 | N12: 3.455 | O12: 748.26 | P12: 0
A13: 43652 | B13: 0.020833333 | C13: =A13+B13 -> 43652.021 | D13: =D12 -> 525465 | E13: =E12 -> 6300495 | F13: =F12 -> 2536 | G13: NODATA | H13: NODATA | I13: NODATA | J13: NODATA | K13: NODATA | L13: 6.93 | M13: 68.482 | N13: 2.257 | O13: 748.19 | P13: 0
A14: 43652 | B14: 0.041666667 | C14: =A14+B14 -> 43652.042 | D14: =D13 -> 525465 | E14: =E13 -> 6300495 | F14: =F13 -> 2536 | G14: NODATA | H14: NODATA | I14: NODATA | J14: NODATA | K14: NODATA | L14: 7.622 | M14: 65.273 | N14: 2.532 | O14: 748.31 | P14: 0
A15: 43652 | B15: 0.0625 | C15: =A15+B15 -> 43652.062 | D15: =D14 -> 525465 | E15: =E14 -> 6300495 | F15: =F14 -> 2536 | G15: NODATA | H15: NODATA | I15: NODATA | J15: NODATA | K15: NODATA | L15: 7.433 | M15: 66.507 | N15: 1.622 | O15: 748.305 | P15: 0
A16: 43652 | B16: 0.083333333 | C16: =A16+B16 -> 43652.083 | D16: =D15 -> 525465 | E16: =E15 -> 6300495 | F16: =F15 -> 2536 | G16: NODATA | H16: NODATA | I16: NODATA | J16: NODATA | K16: NODATA | L16: 7.433 | M16: 66.507 | N16: 2.037 | O16: 748.18 | P16: 0
... A38: 43652 | B38: 0.54166667 | C38: =A38+B38 -> 43652.542 | D38: =D37 -> 525465 | E38: =E37 -> 6300495 | F38: =F37 -> 2536 | G38: NODATA | H38: NODATA | I38: NODATA | J38: NODATA | K38: NODATA | L38: 12.523 | M38: 36.546 | N38: 1.326 | O38: 750.063 | P38: 0
A39: 43652 | B39: 0.5625 | C39: =A39+B39 -> 43652.562 | D39: =D38 -> 525465 | E39: =E38 -> 6300495 | F39: =F38 -> 2536 | G39: 868.2 | H39: 106.3 | I39: 0.12243723 | J39: 276.52439 | K39: 454.15439 | L39: 12.9 | M39: 34.673 | N39: 0.001 | O39: 750.09 | P39: 0
A40: 43652 | B40: 0.58333333 | C40: =A40+B40 -> 43652.583 | D40: =D39 -> 525465 | E40: =E39 -> 6300495 | F40: =F39 -> 2536 | G40: 832.4 | H40: 99 | I40: 0.11893321 | J40: 276.37523 | K40: 456.99323 | L40: 13.151 | M40: 33.514 | N40: 1.363 | O40: 750.093 | P40: 0
A41: 43652 | B41: 0.60416667 | C41: =A41+B41 -> 43652.604 | D41: =D40 -> 525465 | E41: =E40 -> 6300495 | F41: =F40 -> 2536 | G41: 753.9 | H41: 90.9 | I41: 0.12057302 | J41: 277.44613 | K41: 460.58913 | L41: 13.653 | M41: 31.964 | N41: 1.125 | O41: 750.045 | P41: 0
A42: 43652 | B42: 0.625 | C42: =A42+B42 -> 43652.625 | D42: =D41 -> 525465 | E42: =E41 -> 6300495 | F42: =F41 -> 2536 | G42: 755.4 | H42: 93.2 | I42: 0.12337834 | J42: 278.51738 | K42: 458.52038 | L42: 13.841 | M42: 32.265 | N42: 1.282 | O42: 749.995 | P42: 0
A43: 43652 | B43: 0.64583333 | C43: =A43+B43 -> 43652.646 | D43: =D42 -> 525465 | E43: =E42 -> 6300495 | F43: =F42 -> 2536 | G43: 416 | H43: 51.3 | I43: 0.12331731 | J43: 281.44894 | K43: 460.02394 | L43: 14.093 | M43: 32.853 | N43: 1.023 | O43: 750.01 | P43: 0
A44: 43652 | B44: 0.66666667 | C44: =A44+B44 -> 43652.667 | D44: =D43 -> 525465 | E44: =E43 -> 6300495 | F44: =F43 -> 2536 | G44: 275 | H44: 35.2 | I44: 0.128 | J44: 286.0169 | K44: 443.5219 | L44: 13.904 | M44: 38.558 | N44: 1.577 | O44: 749.89 | P44: 0
A45: 43652 | B45: 0.6875 | C45: =A45+B45 -> 43652.688 | D45: =D44 -> 525465 | E45: =E44 -> 6300495 | F45: =F44 -> 2536 | G45: 570.3 | H45: 71.1 | I45: 0.12467123 | J45: 317.27815 | K45: 430.81415 | L45: 12.962 | M45: 42.603 | N45: 1.468 | O45: 750.275 | P45: 0
A46: 43652 | B46: 0.70833333 | C46: =A46+B46 -> 43652.708 | D46: =D45 -> 525465 | E46: =E45 -> 6300495 | F46: =F45 -> 2536 | G46: 451.3 | H46: 60.2 | I46: 0.13339242 | J46: 275.83607 | K46: 433.79607 | L46: 13.841 | M46: 38.077 | N46: 1.551 | O46: 750.057 | P46: 0
A47: 43652 | B47: 0.72916667 | C47: =A47+B47 -> 43652.729 | D47: =D46 -> 525465 | E47: =E46 -> 6300495 | F47: =F46 -> 2536 | G47: 453.2 | H47: 61.7 | I47: 0.13614298 | J47: 274.87458 | K47: 426.35658 | L47: 13.339 | M47: 37.719 | N47: 1.762 | O47: 750.22 | P47: 0
A48: 43652 | B48: 0.75 | C48: =A48+B48 -> 43652.75 | D48: =D47 -> 525465 | E48: =E47 -> 6300495 | F48: =F47 -> 2536 | G48: 108.1 | H48: 18.1 | I48: 0.16743756 | J48: 270.55069 | K48: 411.00269 | L48: 12.648 | M48: 38.068 | N48: 1.442 | O48: 750.105 | P48: 0
A49: 43652 | B49: 0.77083333 | C49: =A49+B49 -> 43652.771 | D49: =D48 -> 525465 | E49: =E48 -> 6300495 | F49: =F48 -> 2536 | G49: 259.5 | H49: 38.6 | I49: 0.14874759 | J49: 273.00206 | K49: 401.79006 | L49: 12.02 | M49: 40.462 | N49: 0.95 | O49: 750.155 | P49: 0
A50: 43652 | B50: 0.79166667 | C50: =A50+B50 -> 43652.792 | D50: =D49 -> 525465 | E50: =E49 -> 6300495 | F50: =F49 -> 2536 | G50: 88.4 | H50: 17.3 | I50: 0.19570136 | J50: 272.01199 | K50: 392.63499 | L50: 12.209 | M50: 37.313 | N50: 0.933 | O50: 750.247 | P50: 0
... A53: 43652 | B53: 0.85416667 | C53: =A53+B53 -> 43652.854 | D53: =D52 -> 525465 | E53: =E52 -> 6300495 | F53: =F52 -> 2536 | G53: 8.1 | H53: 7.1 | I53: 0.87654321 | J53: 266.48783 | K53: 367.82383 | L53: 10.827 | M53: 35.558 | N53: 0.474 | O53: 750.578 | P53: 0
A54: 43652 | B54: 0.875 | C54: =A54+B54 -> 43652.875 | D54: =D53 -> 525465 | E54: =E53 -> 6300495 | F54: =F53 -> 2536 | G54: 0 | H54: 0 | I54: NODATA | J54: 278.25281 | K54: 365.79081 | L54: 10.45 | M54: 38.765 | N54: 0.415 | O54: 750.682 | P54: 0
A55: 43652 | B55: 0.89583333 | C55: =A55+B55 -> 43652.896 | D55: =D54 -> 525465 | E55: =E54 -> 6300495 | F55: =F54 -> 2536 | G55: 0 | H55: 0 | I55: NODATA | J55: 274.84964 | K55: 361.00364 | L55: 10.575 | M55: 37.674 | N55: 0.269 | O55: 750.712 | P55: 0
A56: 43652 | B56: 0.91666667 | C56: =A56+B56 -> 43652.917 | D56: =D55 -> 525465 | E56: =E55 -> 6300495 | F56: =F55 -> 2536 | G56: 0 | H56: 0 | I56: NODATA | J56: 270.97782 | K56: 356.48482 | L56: 10.261 | M56: 42.21 | N56: 0.167 | O56: 750.915 | P56: 0
A57: 43652 | B57: 0.9375 | C57: =A57+B57 -> 43652.938 | D57: =D56 -> 525465 | E57: =E56 -> 6300495 | F57: =F56 -> 2536 | G57: 0 | H57: 0 | I57: NODATA | J57: 265.70587 | K57: 352.55287 | L57: 9.884 | M57: 48.933 | N57: 0.483 | O57: 750.915 | P57: 0
A58: 43652 | B58: 0.95833333 | C58: =A58+B58 -> 43652.958 | D58: =D57 -> 525465 | E58: =E57 -> 6300495 | F58: =F57 -> 2536 | G58: 0 | H58: 0 | I58: NODATA | J58: 261.80406 | K58: 350.27706 | L58: 9.633 | M58: 50.878 | N58: 0.143 | O58: 750.922 | P58: 0
A59: 43652 | B59: 0.97916667 | C59: =A59+B59 -> 43652.979 | D59: =D58 -> 525465 | E59: =E58 -> 6300495 | F59: =F58 -> 2536 | G59: 0 | H59: 0 | I59: NODATA | J59: 263.59646 | K59: 348.04946 | L59: 9.319 | M59: 52.328 | N59: 0.292 | O59: 750.903 | P59: 0
A60: 43653 | B60: 0 | C60: =A60+B60 -> 43653 | D60: =D59 -> 525465 | E60: =E59 -> 6300495 | F60: =F59 -> 2536 | G60: 0 | H60: 0 | I60: NODATA | J60: 257.29926 | K60: 343.04926 | L60: 9.193 | M60: 53.345 | N60: 0.111 | O60: 750.86 | P60: 0
A61: 43653 | B61: 0.020833333 | C61: =A61+B61 -> 43653.021 | D61: =D60 -> 525465 | E61: =E60 -> 6300495 | F61: =F60 -> 2536 | G61: 0 | H61: 0 | I61: NODATA | J61: 258.11408 | K61: 342.21908 | L61: 8.816 | M61: 55.409 | N61: 0.566 | O61: 750.773 | P61: 0
A62: 43653 | B62: 0.041666667 | C62: =A62+B62 -> 43653.042 | D62: =D61 -> 525465 | E62: =E61 -> 6300495 | F62: =F61 -> 2536 | G62: 0 | H62: 0 | I62: NODATA | J62: 258.85682 | K62: 339.98382 | L62: 9.633 | M62: 54.404 | N62: 0.484 | O62: 750.81 | P62: 0
A63: 43653 | B63: 0.0625 | C63: =A63+B63 -> 43653.062 | D63: =D62 -> 525465 | E63: =E62 -> 6300495 | F63: =F62 -> 2536 | G63: 0 | H63: 0 | I63: NODATA | J63: 259.45668 | K63: 339.62868 | L63: 9.256 | M63: 56.402 | N63: 0.868 | O63: 750.888 | P63: 0
A64: 43653 | B64: 0.083333333 | C64: =A64+B64 -> 43653.083 | D64: =D63 -> 525465 | E64: =E63 -> 6300495 | F64: =F63 -> 2536 | G64: 0 | H64: 0 | I64: NODATA | J64: 261.88299 | K64: 343.44299 | L64: 10.261 | M64: 52.903 | N64: 1.183 | O64: 750.995 | P64: 0
A65: 43653 | B65: 0.10416667 | C65: =A65+B65 -> 43653.104 | D65: =D64 -> 525465 | E65: =E64 -> 6300495 | F65: =F64 -> 2536 | G65: 0 | H65: 0 | I65: NODATA | J65: 260.0065 | K65: 344.8105 | L65: 10.45 | M65: 51.91 | N65: 1.827 | O65: 751.115 | P65: 0
... A67: 43653 | B67: 0.14583333 | C67: =A67+B67 -> 43653.146 | D67: =D66 -> 525465 | E67: =E66 -> 6300495 | F67: =F66 -> 2536 | G67: 0 | H67: 0 | I67: NODATA | J67: 259.27442 | K67: 343.93342 | L67: 10.387 | M67: 50.486 | N67: 1.577 | O67: 751.2 | P67: 0
A68: 43653 | B68: 0.16666667 | C68: =A68+B68 -> 43653.167 | D68: =D67 -> 525465 | E68: =E67 -> 6300495 | F68: =F67 -> 2536 | G68: 12.6 | H68: 7 | I68: 0.55555556 | J68: 258.17463 | K68: 342.82763 | L68: 10.324 | M68: 50.165 | N68: 1.486 | O68: 751.138 | P68: 0
A69: 43653 | B69: 0.1875 | C69: =A69+B69 -> 43653.188 | D69: =D68 -> 525465 | E69: =E68 -> 6300495 | F69: =F68 -> 2536 | G69: 28.4 | H69: 9.3 | I69: 0.32746479 | J69: 258.69445 | K69: 346.85445 | L69: 10.701 | M69: 49.101 | N69: 2.594 | O69: 751.027 | P69: 0
A70: 43653 | B70: 0.20833333 | C70: =A70+B70 -> 43653.208 | D70: =D69 -> 525465 | E70: =E69 -> 6300495 | F70: =F69 -> 2536 | G70: 69.1 | H70: 14.2 | I70: 0.20549928 | J70: 259.51381 | K70: 348.82681 | L70: 10.764 | M70: 49.35 | N70: 2.029 | O70: 750.815 | P70: 0
A71: 43653 | B71: 0.22916667 | C71: =A71+B71 -> 43653.229 | D71: =D70 -> 525465 | E71: =E70 -> 6300495 | F71: =F70 -> 2536 | G71: 119.3 | H71: 19.7 | I71: 0.16512992 | J71: 260.09667 | K71: 352.41267 | L71: 10.89 | M71: 49.047 | N71: 1.351 | O71: 751.002 | P71: 0
A72: 43653 | B72: 0.25 | C72: =A72+B72 -> 43653.25 | D72: =D71 -> 525465 | E72: =E71 -> 6300495 | F72: =F71 -> 2536 | G72: 182.5 | H72: 26.6 | I72: 0.14575342 | J72: 260.66197 | K72: 357.31497 | L72: 10.764 | M72: 49.35 | N72: 0.549 | O72: 751.04 | P72: 0
A73: 43653 | B73: 0.27083333 | C73: =A73+B73 -> 43653.271 | D73: =D72 -> 525465 | E73: =E72 -> 6300495 | F73: =F72 -> 2536 | G73: 244.1 | H73: 33.8 | I73: 0.13846784 | J73: 264.02413 | K73: 363.91613 | L73: 11.015 | M73: 48.577 | N73: 0.862 | O73: 750.958 | P73: 0
A74: 43653 | B74: 0.29166667 | C74: =A74+B74 -> 43653.292 | D74: =D73 -> 525465 | E74: =E73 -> 6300495 | F74: =F73 -> 2536 | G74: 323.5 | H74: 41.4 | I74: 0.12797527 | J74: 264.41693 | K74: 370.48493 | L74: 11.078 | M74: 49.298 | N74: 0.854 | O74: 751.027 | P74: 0
A75: 43653 | B75: 0.3125 | C75: =A75+B75 -> 43653.312 | D75: =D74 -> 525465 | E75: =E74 -> 6300495 | F75: =F74 -> 2536 | G75: 398.4 | H75: 49.6 | I75: 0.12449799 | J75: 268.34201 | K75: 379.73301 | L75: 11.769 | M75: 47.391 | N75: 0.878 | O75: 751.18 | P75: 0
A76: 43653 | B76: 0.33333333 | C76: =A76+B76 -> 43653.333 | D76: =D75 -> 525465 | E76: =E75 -> 6300495 | F76: =F75 -> 2536 | G76: 463.4 | H76: 55.3 | I76: 0.11933535 | J76: 269.04595 | K76: 386.83095 | L76: 12.209 | M76: 46.407 | N76: 1.035 | O76: 751.285 | P76: 0
A77: 43653 | B77: 0.35416667 | C77: =A77+B77 -> 43653.354 | D77: =D76 -> 525465 | E77: =E76 -> 6300495 | F77: =F76 -> 2536 | G77: 531.8 | H77: 63.4 | I77: 0.11921775 | J77: 273.35496 | K77: 398.16196 | L77: 12.334 | M77: 45.946 | N77: 0.992 | O77: 751.335 | P77: 0
A78: 43653 | B78: 0.375 | C78: =A78+B78 -> 43653.375 | D78: =D77 -> 525465 | E78: =E77 -> 6300495 | F78: =F77 -> 2536 | G78: 610.4 | H78: 72.7 | I78: 0.11910223 | J78: 277.65594 | K78: 408.80094 | L78: 12.334 | M78: 44.763 | N78: 1.335 | O78: 751.41 | P78: 0
A79: 43653 | B79: 0.39583333 | C79: =A79+B79 -> 43653.396 | D79: =D78 -> 525465 | E79: =E78 -> 6300495 | F79: =F78 -> 2536 | G79: 670.5 | H79: 80.1 | I79: 0.11946309 | J79: 277.28709 | K79: 415.17609 | L79: 12.209 | M79: 45.937 | N79: 1.331 | O79: 751.258 | P79: 0
... A101: 43653 | B101: 0.85416667 | C101: =A101+B101 -> 43653.854 | D101: =D100 -> 525465 | E101: =E100 -> 6300495 | F101: =F100 -> 2536 | G101: 9.4 | H101: 5.5 | I101: 0.58510638 | J101: 312.19306 | K101: 374.62606 | L101: 11.706 | M101: 49.267 | N101: 0.172 | O101: 750.333 | P101: 0
A102: 43653 | B102: 0.875 | C102: =A102+B102 -> 43653.875 | D102: =D101 -> 525465 | E102: =E101 -> 6300495 | F102: =F101 -> 2536 | G102: 0 | H102: 0 | I102: NODATA | J102: 315.33001 | K102: 370.23901 | L102: 10.89 | M102: 51.766 | N102: 0.117 | O102: 750.372 | P102: 0
A103: 43653 | B103: 0.89583333 | C103: =A103+B103 -> 43653.896 | D103: =D102 -> 525465 | E103: =E102 -> 6300495 | F103: =F102 -> 2536 | G103: 0 | H103: 0 | I103: NODATA | J103: 319.3099 | K103: 368.2949 | L103: 10.827 | M103: 53.888 | N103: 0.112 | O103: 750.387 | P103: 0
A104: 43653 | B104: 0.91666667 | C104: =A104+B104 -> 43653.917 | D104: =D103 -> 525465 | E104: =E103 -> 6300495 | F104: =F103 -> 2536 | G104: 0 | H104: 0 | I104: NODATA | J104: 322.11238 | K104: 365.31538 | L104: 10.324 | M104: 56.001 | N104: 0.049 | O104: 750.258 | P104: 0
A105: 43653 | B105: 0.9375 | C105: =A105+B105 -> 43653.938 | D105: =D104 -> 525465 | E105: =E104 -> 6300495 | F105: =F104 -> 2536 | G105: 0 | H105: 0 | I105: NODATA | J105: 307.708 | K105: 362.279 | L105: 10.198 | M105: 57.175 | N105: 0.034 | O105: 750.085 | P105: 0
A106: 43653 | B106: 0.95833333 | C106: =A106+B106 -> 43653.958 | D106: =D105 -> 525465 | E106: =E105 -> 6300495 | F106: =F105 -> 2536 | G106: 0 | H106: 0 | I106: NODATA | J106: 316.06396 | K106: 360.62796 | L106: 9.633 | M106: 58.298 | N106: 0.191 | O106: 749.888 | P106: 0
A107: 43653 | B107: 0.97916667 | C107: =A107+B107 -> 43653.979 | D107: =D106 -> 525465 | E107: =E106 -> 6300495 | F107: =F106 -> 2536 | G107: 0 | H107: 0 | I107: NODATA | J107: 318.25198 | K107: 359.16998 | L107: 9.633 | M107: 57.733 | N107: 0.198 | O107: 749.718 | P107: 0
A108: 43654 | B108: 0 | C108: =A108+B108 -> 43654 | D108: =D107 -> 525465 | E108: =E107 -> 6300495 | F108: =F107 -> 2536 | G108: 0 | H108: 0 | I108: NODATA | J108: 320.84798 | K108: 358.77898 | L108: 10.324 | M108: 54.682 | N108: 0.498 | O108: 749.785 | P108: 0
A109: 43654 | B109: 0.020833333 | C109: =A109+B109 -> 43654.021 | D109: =D108 -> 525465 | E109: =E108 -> 6300495 | F109: =F108 -> 2536 | G109: 0 | H109: 0 | I109: NODATA | J109: 329.93799 | K109: 358.19099 | L109: 9.759 | M109: 56.496 | N109: 0.025 | O109: 749.59 | P109: 0
A110: 43654 | B110: 0.041666667 | C110: =A110+B110 -> 43654.042 | D110: =D109 -> 525465 | E110: =E109 -> 6300495 | F110: =F109 -> 2536 | G110: 0 | H110: 0 | I110: NODATA | J110: 328.76221 | K110: 356.14821 | L110: 9.193 | M110: 59.4 | N110: 0 | O110: 749.41 | P110: 0
A111: 43654 | B111: 0.0625 | C111: =A111+B111 -> 43654.062 | D111: =D110 -> 525465 | E111: =E110 -> 6300495 | F111: =F110 -> 2536 | G111: 0 | H111: 0 | I111: NODATA | J111: 326.79434 | K111: 355.42634 | L111: 9.947 | M111: 57.082 | N111: 0 | O111: 749.302 | P111: 0
A112: 43654 | B112: 0.083333333 | C112: =A112+B112 -> 43654.083 | D112: =D111 -> 525465 | E112: =E111 -> 6300495 | F112: =F111 -> 2536 | G112: 0 | H112: 0 | I112: NODATA | J112: 326.4112 | K112: 354.1182 | L112: 9.13 | M112: 59.236 | N112: 0 | O112: 749.227 | P112: 0
A113: 43654 | B113: 0.10416667 | C113: =A113+B113 -> 43654.104 | D113: =D112 -> 525465 | E113: =E112 -> 6300495 | F113: =F112 -> 2536 | G113: 0 | H113: 0 | I113: NODATA | J113: 329.62312 | K113: 354.03212 | L113: 9.13 | M113: 59.958 | N113: 0.054 | O113: 749.1 | P113: 0
... A116: 43654 | B116: 0.16666667 | C116: =A116+B116 -> 43654.167 | D116: =D115 -> 525465 | E116: =E115 -> 6300495 | F116: =F115 -> 2536 | G116: 1.5 | H116: 2.1 | I116: NODATA | J116: 330.20584 | K116: 351.76584 | L116: 9.193 | M116: 59.809 | N116: 0.001 | O116: 748.845 | P116: 0
A117: 43654 | B117: 0.1875 | C117: =A117+B117 -> 43654.188 | D117: =D116 -> 525465 | E117: =E116 -> 6300495 | F117: =F116 -> 2536 | G117: 7.6 | H117: 2.4 | I117: 0.31578947 | J117: 330.31553 | K117: 351.03253 | L117: 9.005 | M117: 60.784 | N117: 0 | O117: 748.94 | P117: 0
A118: 43654 | B118: 0.20833333 | C118: =A118+B118 -> 43654.208 | D118: =D117 -> 525465 | E118: =E117 -> 6300495 | F118: =F117 -> 2536 | G118: 22.5 | H118: 4 | I118: 0.17777778 | J118: 331.66766 | K118: 351.75266 | L118: 8.879 | M118: 61.022 | N118: 0.002 | O118: 748.797 | P118: 0
A119: 43654 | B119: 0.22916667 | C119: =A119+B119 -> 43654.229 | D119: =D118 -> 525465 | E119: =E118 -> 6300495 | F119: =F118 -> 2536 | G119: 39.7 | H119: 5.9 | I119: 0.14861461 | J119: 328.59406 | K119: 352.18806 | L119: 8.627 | M119: 64.273 | N119: 0.239 | O119: 748.758 | P119: 0
A120: 43654 | B120: 0.25 | C120: =A120+B120 -> 43654.25 | D120: =D119 -> 525465 | E120: =E119 -> 6300495 | F120: =F119 -> 2536 | G120: 53.4 | H120: 7.7 | I120: 0.14419476 | J120: 327.07639 | K120: 353.08439 | L120: 8.69 | M120: 63.813 | N120: 0.131 | O120: 748.622 | P120: 0
A121: 43654 | B121: 0.27083333 | C121: =A121+B121 -> 43654.271 | D121: =D120 -> 525465 | E121: =E120 -> 6300495 | F121: =F120 -> 2536 | G121: 121.9 | H121: 15 | I121: 0.12305168 | J121: 324.75717 | K121: 357.92017 | L121: 9.256 | M121: 60.287 | N121: 0.001 | O121: 748.84 | P121: 0
A122: 43654 | B122: 0.29166667 | C122: =A122+B122 -> 43654.292 | D122: =D121 -> 525465 | E122: =E121 -> 6300495 | F122: =F121 -> 2536 | G122: 168.3 | H122: 20.7 | I122: 0.12299465 | J122: 296.59846 | K122: 362.20646 | L122: 9.444 | M122: 60.154 | N122: 0.002 | O122: 748.47 | P122: 0
A123: 43654 | B123: 0.3125 | C123: =A123+B123 -> 43654.312 | D123: =D122 -> 525465 | E123: =E122 -> 6300495 | F123: =F122 -> 2536 | G123: 210.1 | H123: 25.2 | I123: 0.11994288 | J123: 300.13088 | K123: 364.75788 | L123: 9.193 | M123: 61.531 | N123: 0.035 | O123: 748.63 | P123: 0
A124: 43654 | B124: 0.33333333 | C124: =A124+B124 -> 43654.333 | D124: =D123 -> 525465 | E124: =E123 -> 6300495 | F124: =F123 -> 2536 | G124: 122.1 | H124: 14.4 | I124: 0.11793612 | J124: 333.13877 | K124: 367.32977 | L124: 9.005 | M124: 62.603 | N124: 0.032 | O124: 748.682 | P124: 0
A125: 43654 | B125: 0.35416667 | C125: =A125+B125 -> 43654.354 | D125: =D124 -> 525465 | E125: =E124 -> 6300495 | F125: =F124 -> 2536 | G125: 283.3 | H125: 34.5 | I125: 0.12177903 | J125: 310.3933 | K125: 373.0553 | L125: 8.816 | M125: 65.081 | N125: 0.083 | O125: 748.537 | P125: 0
A126: 43654 | B126: 0.375 | C126: =A126+B126 -> 43654.375 | D126: =D125 -> 525465 | E126: =E125 -> 6300495 | F126: =F125 -> 2536 | G126: 248.7 | H126: 29.8 | I126: 0.11982308 | J126: 329.34946 | K126: 370.61246 | L126: 8.062 | M126: 71.272 | N126: 0.819 | O126: 748.638 | P126: 0
A127: 43654 | B127: 0.39583333 | C127: =A127+B127 -> 43654.396 | D127: =D126 -> 525465 | E127: =E126 -> 6300495 | F127: =F126 -> 2536 | G127: 178.3 | H127: 20.3 | I127: 0.11385306 | J127: 328.75041 | K127: 374.21941 | L127: 7.81 | M127: 73.217 | N127: 1.045 | O127: 748.46 | P127: 0
A128: 43654 | B128: 0.41666667 | C128: =A128+B128 -> 43654.417 | D128: =D127 -> 525465 | E128: =E127 -> 6300495 | F128: =F127 -> 2536 | G128: 188.5 | H128: 22.5 | I128: 0.1193634 | J128: 322.90474 | K128: 375.63574 | L128: 7.119 | M128: 86.517 | N128: 1.264 | O128: 748.443 | P128: 0
... A148: 43654 | B148: 0.83333333 | C148: =A148+B148 -> 43654.833 | D148: =D147 -> 525465 | E148: =E147 -> 6300495 | F148: =F147 -> 2536 | G148: 3.2 | H148: 1.3 | I148: 0.40625 | J148: 348.24326 | K148: 354.60426 | L148: 6.867 | M148: 100 | N148: 0.666 | O148: 748.32 | P148: 0
A149: 43654 | B149: 0.85416667 | C149: =A149+B149 -> 43654.854 | D149: =D148 -> 525465 | E149: =E148 -> 6300495 | F149: =F148 -> 2536 | G149: 1.2 | H149: 1.4 | I149: NODATA | J149: 348.09463 | K149: 353.29763 | L149: 7.056 | M149: 100 | N149: 0.681 | O149: 748.24 | P149: 0
A150: 43654 | B150: 0.875 | C150: =A150+B150 -> 43654.875 | D150: =D149 -> 525465 | E150: =E149 -> 6300495 | F150: =F149 -> 2536 | G150: 0 | H150: 0 | I150: NODATA | J150: 339.67715 | K150: 348.49815 | L150: 6.05 | M150: 96.156 | N150: 2.072 | O150: 748.59 | P150: 0
A151: 43654 | B151: 0.89583333 | C151: =A151+B151 -> 43654.896 | D151: =D150 -> 525465 | E151: =E150 -> 6300495 | F151: =F150 -> 2536 | G151: 0 | H151: 0 | I151: NODATA | J151: 338.44936 | K151: 345.75436 | L151: 5.987 | M151: 93.661 | N151: 1.822 | O151: 748.23 | P151: 0.2
A152: 43654 | B152: 0.91666667 | C152: =A152+B152 -> 43654.917 | D152: =D151 -> 525465 | E152: =E151 -> 6300495 | F152: =F151 -> 2536 | G152: 0 | H152: 0 | I152: NODATA | J152: 338.33415 | K152: 343.49415 | L152: 5.735 | M152: 98.405 | N152: 1.848 | O152: 747.96 | P152: 0
A153: 43654 | B153: 0.9375 | C153: =A153+B153 -> 43654.938 | D153: =D152 -> 525465 | E153: =E152 -> 6300495 | F153: =F152 -> 2536 | G153: 0 | H153: 0 | I153: NODATA | J153: 340.45468 | K153: 343.76768 | L153: 6.113 | M153: 97.41 | N153: 1.708 | O153: 747.97 | P153: 0
A154: 43654 | B154: 0.95833333 | C154: =A154+B154 -> 43654.958 | D154: =D153 -> 525465 | E154: =E153 -> 6300495 | F154: =F153 -> 2536 | G154: 0 | H154: 0 | I154: NODATA | J154: 338.72952 | K154: 342.63852 | L154: 6.175 | M154: 95.405 | N154: 1.09 | O154: 747.61 | P154: 0
A155: 43654 | B155: 0.97916667 | C155: =A155+B155 -> 43654.979 | D155: =D154 -> 525465 | E155: =E154 -> 6300495 | F155: =F154 -> 2536 | G155: 0 | H155: 0 | I155: NODATA | J155: 337.44572 | K155: 341.49972 | L155: 5.861 | M155: 96.723 | N155: 1.113 | O155: 747.425 | P155: 0
A156: 43655 | B156: 0 | C156: =A156+B156 -> 43655 | D156: =D155 -> 525465 | E156: =E155 -> 6300495 | F156: =F155 -> 2536 | G156: 0 | H156: 0 | I156: NODATA | J156: 336.98016 | K156: 340.60416 | L156: 5.798 | M156: 98.108 | N156: 0.907 | O156: 747.247 | P156: 0
A157: 43655 | B157: 0.020833333 | C157: =A157+B157 -> 43655.021 | D157: =D156 -> 525465 | E157: =E156 -> 6300495 | F157: =F156 -> 2536 | G157: 0 | H157: 0 | I157: NODATA | J157: 337.49069 | K157: 340.56369 | L157: 5.735 | M157: 95.938 | N157: 1.701 | O157: 747.325 | P157: 0
A158: 43655 | B158: 0.041666667 | C158: =A158+B158 -> 43655.042 | D158: =D157 -> 525465 | E158: =E157 -> 6300495 | F158: =F157 -> 2536 | G158: 0 | H158: 0 | I158: NODATA | J158: 340.70826 | K158: 341.20226 | L158: 5.547 | M158: 100 | N158: 2.044 | O158: 747.293 | P158: 0
A159: 43655 | B159: 0.0625 | C159: =A159+B159 -> 43655.062 | D159: =D158 -> 525465 | E159: =E158 -> 6300495 | F159: =F158 -> 2536 | G159: 0 | H159: 0 | I159: NODATA | J159: 338.91985 | K159: 341.25185 | L159: 5.798 | M159: 100 | N159: 2.303 | O159: 747.318 | P159: 0
A160: 43655 | B160: 0.083333333 | C160: =A160+B160 -> 43655.083 | D160: =D159 -> 525465 | E160: =E159 -> 6300495 | F160: =F159 -> 2536 | G160: 0 | H160: 0 | I160: NODATA | J160: 341.05968 | K160: 341.48868 | L160: 5.609 | M160: 100 | N160: 1.918 | O160: 747.078 | P160: 0
... A162: 43655 | B162: 0.125 | C162: =A162+B162 -> 43655.125 | D162: =D161 -> 525465 | E162: =E161 -> 6300495 | F162: =F161 -> 2536 | G162: 0 | H162: 0 | I162: NODATA | J162: 340.81465 | K162: 341.02465 | L162: 5.358 | M162: 100 | N162: 2.916 | O162: 746.905 | P162: 0
A163: 43655 | B163: 0.14583333 | C163: =A163+B163 -> 43655.146 | D163: =D162 -> 525465 | E163: =E162 -> 6300495 | F163: =F162 -> 2536 | G163: 0.3 | H163: 0.1 | I163: 0.33333333 | J163: 338.18187 | K163: 340.05687 | L163: 5.169 | M163: 100 | N163: 2.49 | O163: 746.897 | P163: 0
A164: 43655 | B164: 0.16666667 | C164: =A164+B164 -> 43655.167 | D164: =D163 -> 525465 | E164: =E163 -> 6300495 | F164: =F163 -> 2536 | G164: 1.2 | H164: 0.3 | I164: 0.25 | J164: 339.91137 | K164: 340.45437 | L164: 5.232 | M164: 100 | N164: 1.892 | O164: 746.838 | P164: 0
A165: 43655 | B165: 0.1875 | C165: =A165+B165 -> 43655.188 | D165: =D164 -> 525465 | E165: =E164 -> 6300495 | F165: =F164 -> 2536 | G165: 3.4 | H165: 0.4 | I165: 0.11764706 | J165: 339.75443 | K165: 340.38743 | L165: 5.169 | M165: 100 | N165: 2.374 | O165: 746.997 | P165: 0.4
A166: 43655 | B166: 0.20833333 | C166: =A166+B166 -> 43655.208 | D166: =D165 -> 525465 | E166: =E165 -> 6300495 | F166: =F165 -> 2536 | G166: 2.6 | H166: 0.4 | I166: 0.15384615 | J166: 339.32749 | K166: 340.11949 | L166: 5.232 | M166: 100 | N166: 2.664 | O166: 747.005 | P166: 0.6
A167: 43655 | B167: 0.22916667 | C167: =A167+B167 -> 43655.229 | D167: =D166 -> 525465 | E167: =E166 -> 6300495 | F167: =F166 -> 2536 | G167: 13.1 | H167: 1.6 | I167: 0.1221374 | J167: 339.2432 | K167: 340.1362 | L167: 5.295 | M167: 100 | N167: 3.114 | O167: 747.222 | P167: 0.8
...

Sheet AWS2_30min
G1: Вт/м2 | H1: Вт/м2 | I1: Вт/м2 | J1: °C | K1: % | L1: м/с | M1: гПа | N1: мм/30 мин
D2: Ячейка | E2: Ячейка | F2: Ячейка | G2: meas | H2: meas | I2: meas | J2: meas | K2: meas | L2: meas | M2: meas | N2: meas
A3: Дата | B3: Время | C3: Дата&Время | D3: X | E3: Y | F3: Z | G3: Sin | H3: Sout | I3: Lin | J3: T2m | K3: RH2m | L3: W2m | M3: p | N3: Prec | O3: α
A4: 43653 | B4: 0 | C4: =A4+B4 -> 43653 | D4: 525465 | E4: 6300765 | F4: 2549 | G4: 0 | H4: 0 | I4: 257.29926 | J4: 9.099 | K4: 54.517 | L4: 0.66288393 | M4: 750.86 | N4: 0 | O4: NODATA
A5: 43653 | B5: 0.020833333 | C5: =A5+B5 -> 43653.021 | D5: =D4 -> 525465 | E5: =E4 -> 6300765 | F5: =F4 -> 2549 | G5: 0 | H5: 0 | I5: 258.11408 | J5: 9.852 | K5: 52.89 | L5: 1.0936265 | M5: 750.773 | N5: 0 | O5: NODATA
A6: 43653 | B6: 0.041666667 | C6: =A6+B6 -> 43653.042 | D6: =D5 -> 525465 | E6: =E5 -> 6300765 | F6: =F5 -> 2549 | G6: 0 | H6: 0 | I6: 258.85682 | J6: 9.287 | K6: 56.082 | L6: 1.091352 | M6: 750.81 | N6: 0 | O6: NODATA
A7: 43653 | B7: 0.0625 | C7: =A7+B7 -> 43653.062 | D7: =D6 -> 525465 | E7: =E6 -> 6300765 | F7: =F6 -> 2549 | G7: 0 | H7: 0 | I7: 259.45668 | J7: 8.659 | K7: 59.279 | L7: 1.5223817 | M7: 750.888 | N7: 0 | O7: NODATA
A8: 43653 | B8: 0.083333333 | C8: =A8+B8 -> 43653.083 | D8: =D7 -> 525465 | E8: =E7 -> 6300765 | F8: =F7 -> 2549 | G8: 0 | H8: 0 | I8: 261.88299 | J8: 10.166 | K8: 54.545 | L8: 1.3756725 | M8: 750.995 | N8: 0 | O8: NODATA
A9: 43653 | B9: 0.10416667 | C9: =A9+B9 -> 43653.104 | D9: =D8 -> 525465 | E9: =E8 -> 6300765 | F9: =F8 -> 2549 | G9: 0 | H9: 0 | I9: 260.0065 | J9: 9.475 | K9: 55.708 | L9: 1.6622675 | M9: 751.115 | N9: 0 | O9: NODATA
A10: 43653 | B10: 0.125 | C10: =A10+B10 -> 43653.125 | D10: =D9 -> 525465 | E10: =E9 -> 6300765 | F10: =F9 -> 2549 | G10: 0 | H10: 0 | I10: 259.83447 | J10: 9.915 | K10: 53.133 | L10: 1.8044278 | M10: 751.177 | N10: 0 | O10: NODATA
A11: 43653 | B11: 0.14583333 | C11: =A11+B11 -> 43653.146 | D11: =D10 -> 525465 | E11: =E10 -> 6300765 | F11: =F10 -> 2549 | G11: 0 | H11: 0 | I11: 259.27442 | J11: 10.04 | K11: 52.398 | L11: 1.9463009 | M11: 751.2 | N11: 0 | O11: NODATA
A12: 43653 | B12: 0.16666667 | C12: =A12+B12 -> 43653.167 | D12: =D11 -> 525465 | E12: =E11 -> 6300765 | F12: =F11 -> 2549 | G12: 9.1 | H12: 7.2 | I12: 258.17463 | J12: 10.103 | K12: 51.183 | L12: 1.9440264 | M12: 751.138 | N12: 0 | O12: 0.79120879
A13: 43653 | B13: 0.1875 | C13: =A13+B13 -> 43653.188 | D13: =D12 -> 525465 | E13: =E12 -> 6300765 | F13: =F12 -> 2549 | G13: 21.8 | H13: 16.2 | I13: 258.69445 | J13: 10.166 | K13: 51.19 | L13: 2.3750561 | M13: 751.027 | N13: 0 | O13: 0.74311927
A14: 43653 | B14: 0.20833333 | C14: =A14+B14 -> 43653.208 | D14: =D13 -> 525465 | E14: =E13 -> 6300765 | F14: =F13 -> 2549 | G14: 81.6 | H14: 70.2 | I14: 259.51381 | J14: 10.48 | K14: 49.909 | L14: 2.3727816 | M14: 750.815 | N14: 0 | O14: 0.86029412
A15: 43653 | B15: 0.22916667 | C15: =A15+B15 -> 43653.229 | D15: =D14 -> 525465 | E15: =E14 -> 6300765 | F15: =F14 -> 2549 | G15: 145.1 | H15: 111.5 | I15: 260.09667 | J15: 12.739 | K15: 43.871 | L15: 1.6486206 | M15: 751.002 | N15: 0 | O15: 0.76843556
A16: 43653 | B16: 0.25 | C16: =A16+B16 -> 43653.25 | D16: =D15 -> 525465 | E16: =E15 -> 6300765 | F16: =F15 -> 2549 | G16: 230.3 | H16: 167.3 | I16: 260.66197 | J16: 13.241 | K16: 41.524 | L16: 1.3574766 | M16: 751.04 | N16: 0 | O16: 0.72644377
A17: 43653 | B17: 0.27083333 | C17: =A17+B17 -> 43653.271 | D17: =D16 -> 525465 | E17: =E16 -> 6300765 | F17: =F16 -> 2549 | G17: 295.6 | H17: 210.5 | I17: 264.02413 | J17: 12.425 | K17: 44.091 | L17: 1.3552021 | M17: 750.958 | N17: 0 | O17: 0.71211096
A18: 43653 | B18: 0.29166667 | C18: =A18+B18 -> 43653.292 | D18: =D17 -> 525465 | E18: =E17 -> 6300765 | F18: =F17 -> 2549 | G18: 382.7 | H18: 271.7 | I18: 264.41693 | J18: 13.617 | K18: 40.992 | L18: 1.2084929 | M18: 751.027 | N18: 0 | O18: 0.70995558
A19: 43653 | B19: 0.3125 | C19: =A19+B19 -> 43653.312 | D19: =D18 -> 525465 | E19: =E18 -> 6300765 | F19: =F18 -> 2549 | G19: 455.2 | H19: 322 | I19: 268.34201 | J19: 13.617 | K19: 41.744 | L19: 1.3506531 | M19: 751.18 | N19: 0 | O19: 0.70738137
A20: 43653 | B20: 0.33333333 | C20: =A20+B20 -> 43653.333 | D20: =D19 -> 525465 | E20: =E19 -> 6300765 | F20: =F19 -> 2549 | G20: 516.9 | H20: 361.6 | I20: 269.04595 | J20: 13.868 | K20: 41.282 | L20: 1.2039439 | M20: 751.285 | N20: 0 | O20: 0.69955504
A21: 43653 | B21: 0.35416667 | C21: =A21+B21 -> 43653.354 | D21: =D20 -> 525465 | E21: =E20 -> 6300765 | F21: =F20 -> 2549 | G21: 589.4 | H21: 406.6 | I21: 273.35496 | J21: 14.182 | K21: 39.356 | L21: 1.2016694 | M21: 751.335 | N21: 0 | O21: 0.68985409
A22: 43653 | B22: 0.375 | C22: =A22+B22 -> 43653.375 | D22: =D21 -> 525465 | E22: =E21 -> 6300765 | F22: =F21 -> 2549 | G22: 658.4 | H22: 449.8 | I22: 277.65594 | J22: 16.815 | K22: 32.896 | L22: 2.0657162 | M22: 751.41 | N22: 0 | O22: 0.68317132
A23: 43653 | B23: 0.39583333 | C23: =A23+B23 -> 43653.396 | D23: =D22 -> 525465 | E23: =E22 -> 6300765 | F23: =F22 -> 2549 | G23: 711 | H23: 478.6 | I23: 277.28709 | J23: 15.749 | K23: 36.269 | L23: 1.7748594 | M23: 751.258 | N23: 0 | O23: 0.67313643
... A45: 43653 | B45: 0.85416667 | C45: =A45+B45 -> 43653.854 | D45: =D44 -> 525465 | E45: =E44 -> 6300765 | F45: =F44 -> 2549 | G45: 7.3 | H45: 3.6 | I45: 312.19306 | J45: 11.358 | K45: 50.442 | L45: 0.56962981 | M45: 750.333 | N45: 0 | O45: 0.49315068
A46: 43653 | B46: 0.875 | C46: =A46+B46 -> 43653.875 | D46: =D45 -> 525465 | E46: =E45 -> 6300765 | F46: =F45 -> 2549 | G46: 0 | H46: 0 | I46: 315.33001 | J46: 11.107 | K46: 52.003 | L46: 0.42292058 | M46: 750.372 | N46: 0 | O46: NODATA
A47: 43653 | B47: 0.89583333 | C47: =A47+B47 -> 43653.896 | D47: =D46 -> 525465 | E47: =E46 -> 6300765 | F47: =F46 -> 2549 | G47: 0 | H47: 0 | I47: 319.3099 | J47: 10.731 | K47: 55.452 | L47: 0.56508083 | M47: 750.387 | N47: 0 | O47: NODATA
A48: 43653 | B48: 0.91666667 | C48: =A48+B48 -> 43653.917 | D48: =D47 -> 525465 | E48: =E47 -> 6300765 | F48: =F47 -> 2549 | G48: 0 | H48: 0 | I48: 322.11238 | J48: 10.354 | K48: 56.929 | L48: 0.70695393 | M48: 750.258 | N48: 0 | O48: NODATA
A49: 43653 | B49: 0.9375 | C49: =A49+B49 -> 43653.938 | D49: =D48 -> 525465 | E49: =E48 -> 6300765 | F49: =F48 -> 2549 | G49: 0 | H49: 0 | I49: 307.708 | J49: 10.229 | K49: 58.309 | L49: 0.41609711 | M49: 750.085 | N49: 0 | O49: NODATA
A50: 43653 | B50: 0.95833333 | C50: =A50+B50 -> 43653.958 | D50: =D49 -> 525465 | E50: =E49 -> 6300765 | F50: =F49 -> 2549 | G50: 0 | H50: 0 | I50: 316.06396 | J50: 9.601 | K50: 59.058 | L50: 0.70240495 | M50: 749.888 | N50: 0 | O50: NODATA
A51: 43653 | B51: 0.97916667 | C51: =A51+B51 -> 43653.979 | D51: =D50 -> 525465 | E51: =E50 -> 6300765 | F51: =F50 -> 2549 | G51: 0 | H51: 0 | I51: 318.25198 | J51: 9.727 | K51: 58.185 | L51: 0.70013046 | M51: 749.718 | N51: 0 | O51: NODATA
A52: 43654 | B52: 0 | C52: =A52+B52 -> 43654 | D52: =D51 -> 525465 | E52: =E51 -> 6300765 | F52: =F51 -> 2549 | G52: 0 | H52: 0 | I52: 320.84798 | J52: 9.35 | K52: 58.93 | L52: 0.95146626 | M52: 749.785 | N52: 0 | O52: NODATA
A53: 43654 | B53: 0.020833333 | C53: =A53+B53 -> 43654.021 | D53: =D52 -> 525465 | E53: =E52 -> 6300765 | F53: =F52 -> 2549 | G53: 0 | H53: 0 | I53: 329.93799 | J53: 9.475 | K53: 58.313 | L53: 0.37173996 | M53: 749.59 | N53: 0 | O53: NODATA
A54: 43654 | B54: 0.041666667 | C54: =A54+B54 -> 43654.042 | D54: =D53 -> 525465 | E54: =E53 -> 6300765 | F54: =F53 -> 2549 | G54: 0 | H54: 0 | I54: 328.76221 | J54: 9.35 | K54: 60.452 | L54: 0.22503073 | M54: 749.41 | N54: 0 | O54: NODATA
A55: 43654 | B55: 0.0625 | C55: =A55+B55 -> 43654.062 | D55: =D54 -> 525465 | E55: =E54 -> 6300765 | F55: =F54 -> 2549 | G55: 0 | H55: 0 | I55: 326.79434 | J55: 9.538 | K55: 58.891 | L55: 0.22275624 | M55: 749.302 | N55: 0 | O55: NODATA
A56: 43654 | B56: 0.083333333 | C56: =A56+B56 -> 43654.083 | D56: =D55 -> 525465 | E56: =E55 -> 6300765 | F56: =F55 -> 2549 | G56: 0 | H56: 0 | I56: 326.4112 | J56: 9.413 | K56: 59.351 | L56: 0.22048175 | M56: 749.227 | N56: 0 | O56: NODATA
A57: 43654 | B57: 0.10416667 | C57: =A57+B57 -> 43654.104 | D57: =D56 -> 525465 | E57: =E56 -> 6300765 | F57: =F56 -> 2549 | G57: 0 | H57: 0 | I57: 329.62312 | J57: 8.785 | K57: 61.863 | L57: 0.50707674 | M57: 749.1 | N57: 0 | O57: NODATA
... A60: 43654 | B60: 0.16666667 | C60: =A60+B60 -> 43654.167 | D60: =D59 -> 525465 | E60: =E59 -> 6300765 | F60: =F59 -> 2549 | G60: 0 | H60: 0 | I60: 330.20584 | J60: 8.91 | K60: 61.662 | L60: 0.35581852 | M60: 748.845 | N60: 0 | O60: NODATA
A61: 43654 | B61: 0.1875 | C61: =A61+B61 -> 43654.188 | D61: =D60 -> 525465 | E61: =E60 -> 6300765 | F61: =F60 -> 2549 | G61: 3.6 | H61: 1.8 | I61: 330.31553 | J61: 8.973 | K61: 62.145 | L61: 0.20910929 | M61: 748.94 | N61: 0 | O61: 0.5
A62: 43654 | B62: 0.20833333 | C62: =A62+B62 -> 43654.208 | D62: =D61 -> 525465 | E62: =E61 -> 6300765 | F62: =F61 -> 2549 | G62: 18.1 | H62: 10.8 | I62: 331.66766 | J62: 9.036 | K62: 61.837 | L62: 0.35126954 | M62: 748.797 | N62: 0 | O62: 0.59668508
A63: 43654 | B63: 0.22916667 | C63: =A63+B63 -> 43654.229 | D63: =D62 -> 525465 | E63: =E62 -> 6300765 | F63: =F62 -> 2549 | G63: 34.5 | H63: 21.6 | I63: 328.59406 | J63: 8.848 | K63: 64.502 | L63: 0.63786453 | M63: 748.758 | N63: 0 | O63: 0.62608696
A64: 43654 | B64: 0.25 | C64: =A64+B64 -> 43654.25 | D64: =D63 -> 525465 | E64: =E63 -> 6300765 | F64: =F63 -> 2549 | G64: 49 | H64: 30.6 | I64: 327.07639 | J64: 9.475 | K64: 59.834 | L64: 0.63559004 | M64: 748.622 | N64: 0 | O64: 0.6244898
A65: 43654 | B65: 0.27083333 | C65: =A65+B65 -> 43654.271 | D65: =D64 -> 525465 | E65: =E64 -> 6300765 | F65: =F64 -> 2549 | G65: 110.6 | H65: 72 | I65: 324.75717 | J65: 10.166 | K65: 57.51 | L65: 0.34444607 | M65: 748.84 | N65: 0 | O65: 0.65099458
A66: 43654 | B66: 0.29166667 | C66: =A66+B66 -> 43654.292 | D66: =D65 -> 525465 | E66: =E65 -> 6300765 | F66: =F65 -> 2549 | G66: 186.8 | H66: 125.9 | I66: 296.59846 | J66: 11.045 | K66: 55.462 | L66: 0.34217158 | M66: 748.47 | N66: 0 | O66: 0.67398287
A67: 43654 | B67: 0.3125 | C67: =A67+B67 -> 43654.312 | D67: =D66 -> 525465 | E67: =E66 -> 6300765 | F67: =F66 -> 2549 | G67: 183.2 | H67: 122.3 | I67: 300.13088 | J67: 10.417 | K67: 57.129 | L67: 0.33989709 | M67: 748.63 | N67: 0 | O67: 0.66757642
A68: 43654 | B68: 0.33333333 | C68: =A68+B68 -> 43654.333 | D68: =D67 -> 525465 | E68: =E67 -> 6300765 | F68: =F67 -> 2549 | G68: 110.6 | H68: 72 | I68: 333.13877 | J68: 9.789 | K68: 59.837 | L68: 0.48205734 | M68: 748.682 | N68: 0 | O68: 0.65099458
A69: 43654 | B69: 0.35416667 | C69: =A69+B69 -> 43654.354 | D69: =D68 -> 525465 | E69: =E68 -> 6300765 | F69: =F68 -> 2549 | G69: 277.5 | H69: 181.7 | I69: 310.3933 | J69: 11.233 | K69: 54.466 | L69: 0.47978285 | M69: 748.537 | N69: 0 | O69: 0.65477477
A70: 43654 | B70: 0.375 | C70: =A70+B70 -> 43654.375 | D70: =D69 -> 525465 | E70: =E69 -> 6300765 | F70: =F69 -> 2549 | G70: 235.8 | H70: 152.9 | I70: 329.34946 | J70: 9.538 | K70: 64.547 | L70: 0.76609069 | M70: 748.638 | N70: 0 | O70: 0.64843087
A71: 43654 | B71: 0.39583333 | C71: =A71+B71 -> 43654.396 | D71: =D70 -> 525465 | E71: =E70 -> 6300765 | F71: =F70 -> 2549 | G71: 170.5 | H71: 109.7 | I71: 328.75041 | J71: 8.848 | K71: 69.663 | L71: 0.90825094 | M71: 748.46 | N71: 0 | O71: 0.64340176
A72: 43654 | B72: 0.41666667 | C72: =A72+B72 -> 43654.417 | D72: =D71 -> 525465 | E72: =E71 -> 6300765 | F72: =F71 -> 2549 | G72: 175.9 | H72: 116.9 | I72: 322.90474 | J72: 8.534 | K72: 75.295 | L72: 0.90597645 | M72: 748.443 | N72: 0 | O72: 0.66458215
... A91: 43654 | B91: 0.8125 | C91: =A91+B91 -> 43654.812 | D91: =D90 -> 525465 | E91: =E90 -> 6300765 | F91: =F90 -> 2549 | G91: 5.4 | H91: 1.8 | I91: 348.76484 | J91: 6.587 | K91: 100 | L91: 1.2960653 | M91: 748.258 | N91: 0 | O91: 0.33333333
A92: 43654 | B92: 0.83333333 | C92: =A92+B92 -> 43654.833 | D92: =D91 -> 525465 | E92: =E91 -> 6300765 | F92: =F91 -> 2549 | G92: 0 | H92: 0 | I92: 348.24326 | J92: 6.21 | K92: 100 | L92: 1.0049214 | M92: 748.32 | N92: 0 | O92: NODATA
A93: 43654 | B93: 0.85416667 | C93: =A93+B93 -> 43654.854 | D93: =D92 -> 525465 | E93: =E92 -> 6300765 | F93: =F92 -> 2549 | G93: 0 | H93: 0 | I93: 348.09463 | J93: 6.084 | K93: 100 | L93: 0.85821215 | M93: 748.24 | N93: 0 | O93: NODATA
A94: 43654 | B94: 0.875 | C94: =A94+B94 -> 43654.875 | D94: =D93 -> 525465 | E94: =E93 -> 6300765 | F94: =F93 -> 2549 | G94: 0 | H94: 0 | I94: 339.67715 | J94: 5.582 | K94: 100 | L94: 2.1555632 | M94: 748.59 | N94: 0 | O94: NODATA
A95: 43654 | B95: 0.89583333 | C95: =A95+B95 -> 43654.896 | D95: =D94 -> 525465 | E95: =E94 -> 6300765 | F95: =F94 -> 2549 | G95: 0 | H95: 0 | I95: 338.44936 | J95: 5.205 | K95: 100 | L95: 1.7202716 | M95: 748.23 | N95: 0.2 | O95: NODATA
A96: 43654 | B96: 0.91666667 | C96: =A96+B96 -> 43654.917 | D96: =D95 -> 525465 | E96: =E95 -> 6300765 | F96: =F95 -> 2549 | G96: 0 | H96: 0 | I96: 338.33415 | J96: 4.828 | K96: 100 | L96: 1.7179971 | M96: 747.96 | N96: 0 | O96: NODATA
A97: 43654 | B97: 0.9375 | C97: =A97+B97 -> 43654.938 | D97: =D96 -> 525465 | E97: =E96 -> 6300765 | F97: =F96 -> 2549 | G97: 0 | H97: 0 | I97: 340.45468 | J97: 5.268 | K97: 100 | L97: 1.5712879 | M97: 747.97 | N97: 0 | O97: NODATA
A98: 43654 | B98: 0.95833333 | C98: =A98+B98 -> 43654.958 | D98: =D97 -> 525465 | E98: =E97 -> 6300765 | F98: =F97 -> 2549 | G98: 0 | H98: 0 | I98: 338.72952 | J98: 5.079 | K98: 100 | L98: 1.1357092 | M98: 747.61 | N98: 0 | O98: NODATA
A99: 43654 | B99: 0.97916667 | C99: =A99+B99 -> 43654.979 | D99: =D98 -> 525465 | E99: =E98 -> 6300765 | F99: =F98 -> 2549 | G99: 0 | H99: 0 | I99: 337.44572 | J99: 5.142 | K99: 100 | L99: 0.98899994 | M99: 747.425 | N99: 0 | O99: NODATA
A100: 43655 | B100: 0 | C100: =A100+B100 -> 43655 | D100: =D99 -> 525465 | E100: =E99 -> 6300765 | F100: =F99 -> 2549 | G100: 0 | H100: 0 | I100: 336.98016 | J100: 5.268 | K100: 100 | L100: 1.095901 | M100: 747.247 | N100: 0 | O100: NODATA
A101: 43655 | B101: 0.020833333 | C101: =A101+B101 -> 43655.021 | D101: =D100 -> 525465 | E101: =E100 -> 6300765 | F101: =F100 -> 2549 | G101: 0 | H101: 0 | I101: 337.49069 | J101: 4.953 | K101: 100 | L101: 1.6713655 | M101: 747.325 | N101: 0 | O101: NODATA
A102: 43655 | B102: 0.041666667 | C102: =A102+B102 -> 43655.042 | D102: =D101 -> 525465 | E102: =E101 -> 6300765 | F102: =F101 -> 2549 | G102: 0 | H102: 0 | I102: 340.70826 | J102: 5.079 | K102: 100 | L102: 1.8135257 | M102: 747.293 | N102: 0 | O102: NODATA
A103: 43655 | B103: 0.0625 | C103: =A103+B103 -> 43655.062 | D103: =D102 -> 525465 | E103: =E102 -> 6300765 | F103: =F102 -> 2549 | G103: 0 | H103: 0 | I103: 338.91985 | J103: 5.079 | K103: 100 | L103: 2.0998336 | M103: 747.318 | N103: 0 | O103: NODATA
... A110: 43655 | B110: 0.20833333 | C110: =A110+B110 -> 43655.208 | D110: =D109 -> 525465 | E110: =E109 -> 6300765 | F110: =F109 -> 2549 | G110: 0 | H110: 0 | I110: 339.32749 | J110: 4.514 | K110: 100 | L110: 2.2283469 | M110: 747.005 | N110: 0.6 | O110: NODATA
A111: 43655 | B111: 0.22916667 | C111: =A111+B111 -> 43655.229 | D111: =D110 -> 525465 | E111: =E110 -> 6300765 | F111: =F110 -> 2549 | G111: 5.4 | H111: 3.6 | I111: 339.2432 | J111: 4.576 | K111: 100 | L111: 2.2260724 | M111: 747.222 | N111: 0.8 | O111: 0.66666667
A112: 43655 | B112: 0.25 | C112: =A112+B112 -> 43655.25 | D112: =D111 -> 525465 | E112: =E111 -> 6300765 | F112: =F111 -> 2549 | G112: 7.3 | H112: 5.4 | I112: 339.38581 | J112: 4.514 | K112: 100 | L112: 2.2237979 | M112: 747.06 | N112: 0.2 | O112: 0.73972603
A113: 43655 | B113: 0.27083333 | C113: =A113+B113 -> 43655.271 | D113: =D112 -> 525465 | E113: =E112 -> 6300765 | F113: =F112 -> 2549 | G113: 27.2 | H113: 19.8 | I113: 339.77215 | J113: 4.765 | K113: 100 | L113: 2.0770887 | M113: 747.027 | N113: 0.2 | O113: 0.72794118
A114: 43655 | B114: 0.29166667 | C114: =A114+B114 -> 43655.292 | D114: =D113 -> 525465 | E114: =E113 -> 6300765 | F114: =F113 -> 2549 | G114: 12.7 | H114: 9 | I114: 340.19037 | J114: 4.828 | K114: 100 | L114: 2.0748142 | M114: 747.375 | N114: 0.2 | O114: 0.70866142
A115: 43655 | B115: 0.3125 | C115: =A115+B115 -> 43655.312 | D115: =D114 -> 525465 | E115: =E114 -> 6300765 | F115: =F114 -> 2549 | G115: 32.6 | H115: 25.2 | I115: 342.16423 | J115: 5.142 | K115: 100 | L115: 2.0725397 | M115: 747.245 | N115: 0.2 | O115: 0.77300613
A116: 43655 | B116: 0.33333333 | C116: =A116+B116 -> 43655.333 | D116: =D115 -> 525465 | E116: =E115 -> 6300765 | F116: =F115 -> 2549 | G116: 30.8 | H116: 23.4 | I116: 342.01642 | J116: 5.142 | K116: 100 | L116: 1.9258304 | M116: 747.337 | N116: 0.4 | O116: 0.75974026
A117: 43655 | B117: 0.35416667 | C117: =A117+B117 -> 43655.354 | D117: =D116 -> 525465 | E117: =E116 -> 6300765 | F117: =F116 -> 2549 | G117: 25.4 | H117: 19.8 | I117: 340.9517 | J117: 4.953 | K117: 100 | L117: 1.923556 | M117: 747.38 | N117: 1 | O117: 0.77952756
A118: 43655 | B118: 0.375 | C118: =A118+B118 -> 43655.375 | D118: =D117 -> 525465 | E118: =E117 -> 6300765 | F118: =F117 -> 2549 | G118: 38.1 | H118: 28.8 | I118: 341.26464 | J118: 5.016 | K118: 100 | L118: 1.9212815 | M118: 747.352 | N118: 1.4 | O118: 0.75590551
A119: 43655 | B119: 0.39583333 | C119: =A119+B119 -> 43655.396 | D119: =D118 -> 525465 | E119: =E118 -> 6300765 | F119: =F118 -> 2549 | G119: 30.8 | H119: 23.4 | I119: 339.01672 | J119: 4.639 | K119: 100 | L119: 2.2078765 | M119: 747.727 | N119: 0.6 | O119: 0.75974026
A120: 43655 | B120: 0.41666667 | C120: =A120+B120 -> 43655.417 | D120: =D119 -> 525465 | E120: =E119 -> 6300765 | F120: =F119 -> 2549 | G120: 43.5 | H120: 32.4 | I120: 339.32203 | J120: 4.891 | K120: 100 | L120: 2.3500367 | M120: 747.893 | N120: 0.8 | O120: 0.74482759
A121: 43655 | B121: 0.4375 | C121: =A121+B121 -> 43655.438 | D121: =D120 -> 525465 | E121: =E120 -> 6300765 | F121: =F120 -> 2549 | G121: 38.1 | H121: 28.8 | I121: 337.71571 | J121: 4.451 | K121: 100 | L121: 2.3477622 | M121: 748.03 | N121: 0 | O121: 0.75590551
A122: 43655 | B122: 0.45833333 | C122: =A122+B122 -> 43655.458 | D122: =D121 -> 525465 | E122: =E121 -> 6300765 | F122: =F121 -> 2549 | G122: 49 | H122: 37.8 | I122: 336.31967 | J122: 4.514 | K122: 100 | L122: 2.4899225 | M122: 747.955 | N122: 0 | O122: 0.77142857
... A141: 43655 | B141: 0.85416667 | C141: =A141+B141 -> 43655.854 | D141: =D140 -> 525465 | E141: =E140 -> 6300765 | F141: =F140 -> 2549 | G141: 3.6 | H141: 1.8 | I141: 339.02471 | J141: 5.205 | K141: 100 | L141: 2.3022724 | M141: 749.342 | N141: 0.2 | O141: 0.5
A142: 43655 | B142: 0.875 | C142: =A142+B142 -> 43655.875 | D142: =D141 -> 525465 | E142: =E141 -> 6300765 | F142: =F141 -> 2549 | G142: 0 | H142: 0 | I142: 333.97815 | J142: 5.016 | K142: 100 | L142: 2.1555632 | M142: 749.438 | N142: 0 | O142: NODATA
A143: 43655 | B143: 0.89583333 | C143: =A143+B143 -> 43655.896 | D143: =D142 -> 525465 | E143: =E142 -> 6300765 | F143: =F142 -> 2549 | G143: 0 | H143: 0 | I143: 324.22254 | J143: 5.33 | K143: 100 | L143: 2.4421582 | M143: 749.43 | N143: 0 | O143: NODATA
A144: 43655 | B144: 0.91666667 | C144: =A144+B144 -> 43655.917 | D144: =D143 -> 525465 | E144: =E143 -> 6300765 | F144: =F143 -> 2549 | G144: 0 | H144: 0 | I144: 332.1337 | J144: 4.953 | K144: 100 | L144: 2.2954489 | M144: 749.367 | N144: 0 | O144: NODATA
A145: 43655 | B145: 0.9375 | C145: =A145+B145 -> 43655.938 | D145: =D144 -> 525465 | E145: =E144 -> 6300765 | F145: =F144 -> 2549 | G145: 0 | H145: 0 | I145: 325.77774 | J145: 5.016 | K145: 100 | L145: 1.8598702 | M145: 749.448 | N145: 0 | O145: NODATA
A146: 43655 | B146: 0.95833333 | C146: =A146+B146 -> 43655.958 | D146: =D145 -> 525465 | E146: =E145 -> 6300765 | F146: =F145 -> 2549 | G146: 0 | H146: 0 | I146: 323.45742 | J146: 5.142 | K146: 100 | L146: 1.8575957 | M146: 749.42 | N146: 0 | O146: NODATA
A147: 43655 | B147: 0.97916667 | C147: =A147+B147 -> 43655.979 | D147: =D146 -> 525465 | E147: =E146 -> 6300765 | F147: =F146 -> 2549 | G147: 0 | H147: 0 | I147: 312.09305 | J147: 5.016 | K147: 100 | L147: 2.1441907 | M147: 749.335 | N147: 0 | O147: NODATA
A148: 43656 | B148: 0 | C148: =A148+B148 -> 43656 | D148: =D147 -> 525465 | E148: =E147 -> 6300765 | F148: =F147 -> 2549 | G148: 0 | H148: 0 | I148: 313.67779 | J148: 5.079 | K148: 100 | L148: 2.9732655 | M148: 749.428 | N148: 0 | O148: NODATA
A149: 43656 | B149: 0.020833333 | C149: =A149+B149 -> 43656.021 | D149: =D148 -> 525465 | E149: =E148 -> 6300765 | F149: =F148 -> 2549 | G149: 0 | H149: 0 | I149: 321.17827 | J149: 4.702 | K149: 100 | L149: 1.8158002 | M149: 749.645 | N149: 0 | O149: NODATA
A150: 43656 | B150: 0.041666667 | C150: =A150+B150 -> 43656.042 | D150: =D149 -> 525465 | E150: =E149 -> 6300765 | F150: =F149 -> 2549 | G150: 0 | H150: 0 | I150: 330.52101 | J150: 5.205 | K150: 100 | L150: 2.1021081 | M150: 749.617 | N150: 0 | O150: NODATA
A151: 43656 | B151: 0.0625 | C151: =A151+B151 -> 43656.062 | D151: =D150 -> 525465 | E151: =E150 -> 6300765 | F151: =F150 -> 2549 | G151: 0 | H151: 0 | I151: 304.33189 | J151: 4.891 | K151: 100 | L151: 1.377947 | M151: 750.025 | N151: 0 | O151: NODATA
A152: 43656 | B152: 0.083333333 | C152: =A152+B152 -> 43656.083 | D152: =D151 -> 525465 | E152: =E151 -> 6300765 | F152: =F151 -> 2549 | G152: 0 | H152: 0 | I152: 302.53909 | J152: 5.33 | K152: 100 | L152: 1.664542 | M152: 750.115 | N152: 0 | O152: NODATA
A153: 43656 | B153: 0.10416667 | C153: =A153+B153 -> 43656.104 | D153: =D152 -> 525465 | E153: =E152 -> 6300765 | F153: =F152 -> 2549 | G153: 0 | H153: 0 | I153: 301.74434 | J153: 4.828 | K153: 100 | L153: 1.9508498 | M153: 750.117 | N153: 0 | O153: NODATA
... A155: 43656 | B155: 0.14583333 | C155: =A155+B155 -> 43656.146 | D155: =D154 -> 525465 | E155: =E154 -> 6300765 | F155: =F154 -> 2549 | G155: 0 | H155: 0 | I155: 323.69456 | J155: 4.514 | K155: 100 | L155: 1.9463009 | M155: 750.182 | N155: 0 | O155: NODATA
A156: 43656 | B156: 0.16666667 | C156: =A156+B156 -> 43656.167 | D156: =D155 -> 525465 | E156: =E155 -> 6300765 | F156: =F155 -> 2549 | G156: 9.1 | H156: 5.4 | I156: 308.22953 | J156: 4.891 | K156: 100 | L156: 2.3773306 | M156: 750.372 | N156: 0 | O156: 0.59340659
A157: 43656 | B157: 0.1875 | C157: =A157+B157 -> 43656.188 | D157: =D156 -> 525465 | E157: =E156 -> 6300765 | F157: =F156 -> 2549 | G157: 16.3 | H157: 12.6 | I157: 298.08391 | J157: 5.268 | K157: 100 | L157: 1.5087348 | M157: 750.4 | N157: 0 | O157: 0.77300613
A158: 43656 | B158: 0.20833333 | C158: =A158+B158 -> 43656.208 | D158: =D157 -> 525465 | E158: =E157 -> 6300765 | F158: =F157 -> 2549 | G158: 116.1 | H158: 91.8 | I158: 304.88849 | J158: 6.901 | K158: 90.65 | L158: 1.2175908 | M158: 750.427 | N158: 0 | O158: 0.79069767
A159: 43656 | B159: 0.22916667 | C159: =A159+B159 -> 43656.229 | D159: =D158 -> 525465 | E159: =E158 -> 6300765 | F159: =F158 -> 2549 | G159: 175.9 | H159: 138.5 | I159: 306.41476 | J159: 8.345 | K159: 78.887 | L159: 1.3597511 | M159: 750.527 | N159: 0 | O159: 0.78737919
A160: 43656 | B160: 0.25 | C160: =A160+B160 -> 43656.25 | D160: =D159 -> 525465 | E160: =E159 -> 6300765 | F160: =F159 -> 2549 | G160: 248.5 | H160: 194.3 | I160: 303.97495 | J160: 9.099 | K160: 74.767 | L160: 1.2130419 | M160: 750.758 | N160: 0 | O160: 0.78189135
A161: 43656 | B161: 0.27083333 | C161: =A161+B161 -> 43656.271 | D161: =D160 -> 525465 | E161: =E160 -> 6300765 | F161: =F160 -> 2549 | G161: 295.6 | H161: 235.7 | I161: 303.87531 | J161: 9.35 | K161: 70.56 | L161: 1.2107674 | M161: 750.917 | N161: 0 | O161: 0.7973613
A162: 43656 | B162: 0.29166667 | C162: =A162+B162 -> 43656.292 | D162: =D161 -> 525465 | E162: =E161 -> 6300765 | F162: =F161 -> 2549 | G162: 366.4 | H162: 286.1 | I162: 292.29527 | J162: 9.664 | K162: 70.826 | L162: 1.7862318 | M162: 751.095 | N162: 0 | O162: 0.78084061
A163: 43656 | B163: 0.3125 | C163: =A163+B163 -> 43656.312 | D163: =D162 -> 525465 | E163: =E162 -> 6300765 | F163: =F162 -> 2549 | G163: 444.4 | H163: 336.4 | I163: 287.94689 | J163: 8.283 | K163: 78.249 | L163: 1.9281049 | M163: 751.287 | N163: 0 | O163: 0.7569757
A164: 43656 | B164: 0.33333333 | C164: =A164+B164 -> 43656.333 | D164: =D163 -> 525465 | E164: =E163 -> 6300765 | F164: =F163 -> 2549 | G164: 527.8 | H164: 383.2 | I164: 282.6574 | J164: 9.475 | K164: 74.109 | L164: 1.4928134 | M164: 751.07 | N164: 0 | O164: 0.72603259
A165: 43656 | B165: 0.35416667 | C165: =A165+B165 -> 43656.354 | D165: =D164 -> 525465 | E165: =E164 -> 6300765 | F165: =F164 -> 2549 | G165: 594.9 | H165: 424.6 | I165: 261.01597 | J165: 14.621 | K165: 48.138 | L165: 1.0572347 | M165: 751.337 | N165: 0 | O165: 0.7137334
A166: 43656 | B166: 0.375 | C166: =A166+B166 -> 43656.375 | D166: =D165 -> 525465 | E166: =E165 -> 6300765 | F166: =F165 -> 2549 | G166: 663.8 | H166: 464.2 | I166: 262.54709 | J166: 13.617 | K166: 50.581 | L166: 0.91052543 | M166: 751.41 | N166: 0 | O166: 0.69930702
...

Sheet Const
A1: Параметр | B1: Значение | C1: Ед. изм. | D1: Тип | E1: Описание
A2: ε | B2: 1 | C2: б/разм | D2: константа | E2: излучательная способность поверхности
A3: Ts | B3: 0 | C3: °C | D3: константа | E3: температура поверхности ледника
A4: Ts | B4: =B3+273.15 -> 273.15 | C4: K | D4: константа | E4: температура поверхности
A5: σ | B5: 5.67e-08 | C5: Вт/ (м2 К4) | D5: константа | E5: постоянная Стефана-Больцмана
A6: g | B6: 9.81 | C6: м/с2 | D6: константа | E6: ускорение свободного падения
A7: cp | B7: 1010 | C7: Дж/(кг К) | D7: константа | E7: удельная теплоемкость воздуха при постоянном давлении
A8: ρ0 | B8: 1.29 | C8: кг/м3 | D8: константа | E8: плотность воздуха на стандартном уровне моря
A9: k | B9: 0.38 | C9: б/разм | D9: константа | E9: постоянная Кармана
A10: Lv | B10: 2514000 | C10: Дж/кг | D10: константа | E10: скрытая теплота испарения снега/льда для тающей поверхности
A11: p0 | B11: 1013 | C11: гПа | D11: константа | E11: атмосферное давление на стандартном уровне моря
A12: es | B12: 6.11 | C12: гПа | D12: константа | E12: давление водяного пара на поверхности ледника при 0°C
A13: ρw | B13: 980 | C13: кг/м3 | D13: константа | E13: плотность воды
A14: cw | B14: 4190 | C14: Дж/(кг К) | D14: константа | E14: теплоемкость воды
A15: kτs | B15: 0.4 | C15: Вт/ (м К) | D15: константа | E15: теплопроводность снега
A16: kτi | B16: 2.2 | C16: Вт/ (м К) | D16: константа | E16: теплопроводность льда
... A30: t-2m | B30: -1.7 | C30: °C | D30: переменная | E30: температура льда на глубине 2 м
A31: t-2m | B31: =B30+273.15 -> 271.45 | C31: K | D31: переменная | E31: температура льда на глубине 2 м
A32: zs | B32: 2 | C32: м | D32: переменная | E32: высота прибора над поверхностью ледника
A33: Rib(cr) | B33: 0.4 | C33: б/разм | D33: переменная | E33: критическое значение числа Ричардсона
A34: Z0m | B34: 0.00061 | C34: м | D34: переменная | E34: длина шероховатости поверхности для момента
A35: Z0t | B35: 0.00043 | C35: м | D35: переменная | E35: длина шероховатости поверхности для температуры
A36: Z0h | B36: 0.00049 | C36: м | D36: переменная | E36: длина шероховатости поверхности для влажности
A37: ρsnow | B37: 602 | C37: кг/м3 | D37: переменная | E37: средняя плотность снега
A38: ρice | B38: 784 | C38: кг/м3 | D38: переменная | E38: средняя плотность льда

Sheet Model_30min
E1: номер ячейки | F1: ледниковые ячейки | G1: метеостанция на морене | H1: метеостанция на леднике | I1: примечание | J1: x-координата ячейки | K1: y-координата ячейки | L1: абсолютная высота ячейки | M1: уклон ячейки | N1: экспозиция ячейки | O1: глобальная (суммарная) радиация (r.sun) | P1: приходящая КВ-радиация на метестанции AWS2 | Q1: глобальная (суммарная) радиация в ячейке метеостанции AWS2 | R1: соотношение | S1: приходящая КВ-радиация | T1: день со снегопадом на леднике | U1: высота снеговой линии на леднике | V1: тип поверхности | W1: средняя суточная температура на уровне 2 м | X1: число дней после последнего снегопада на леднике | Y1: сумма температур воздуха со дня со снегопадом | Z1: альбедо поверхности | AA1: отраженная КВ-радиация | AB1: баланс КВ-радиации | AC1: длинноволновое излучение атмосферы | AD1: длинноволновое излучение поверхности ледника | AE1: баланс ДВ-радиации | AF1: радиационный баланс | AG1: температура воздуха на уровне 2 м | AH1: температура воздуха на уровне 2 м | AI1: относительная влажность воздуха на уровне 2 м | AJ1: скорость ветра | AK1: число Ричардсона | AL1: число Ричардсона (коррекция) | AM1: безразмерные функции | AN1: средняя температура слоя воздуха между метеостанцией на морене (AWS1) и данной ячейкой | AO1: атмосферное давление | AP1: явное турбулентное тепло | AQ1: явное турбулентное тепло (коррекция) | AR1: давление водяного пара во влажном воздухе | AS1: скрытое турбулентное тепло | AT1: скрытое турбулентное тепло (коррекция) | AU1: суммарное турбулентное тепло | AV1: атмосферные осадки | AW1: атмосферные осадки (жидкие) | AX1: тепло поступающее с жидкими осадками | AY1: тепло расходуемое на теплообмен с ледником | AZ1: тепло расходуемое на таяние | BA1: плотность снега или льда | BB1: абляция (таяние)
F2: бинарный | G2: бинарный | H2: бинарный | J2: м | K2: м | L2: м | M2: градусы | N2: градусы | O2: Вт/м2 | P2: Вт/м2 | Q2: Вт/м2 | R2: б/разм | S2: Вт/м2 | T2: бинарный | U2: м | V2: бинарный | W2: °C | X2: дни | Y2: °C | Z2: б/разм | AA2: Вт/м2 | AB2: Вт/м2 | AC2: Вт/м2 | AD2: Вт/м2 | AE2: Вт/м2 | AF2: Вт/м2 | AG2: °C | AH2: K | AI2: % | AJ2: м/с | AN2: °C | AO2: гПа | AP2: Вт/м2 | AQ2: Вт/м2 | AR2: гПа | AS2: Вт/м2 | AT2: Вт/м2 | AU2: Вт/м2 | AV2: мм/30 мин | AW2: м/с | AX2: Вт/м2 | AY2: Вт/м2 | AZ2: Вт/м2 | BA2: кг/м3 | BB2: мм/30 мин
A3: Дата | B3: Время | C3: Дата&Время | D3: День года | E3: No | F3: Ледник | G3: AWS1 | H3: AWS2 | I3: Note (AWS) | J3: X | K3: Y | L3: Z | M3: Уклон | N3: Экспозиция | O3: G | P3: Sin(AWS2) | Q3: G(AWS2) | R3: Sin(AWS2)/G(AWS2) | S3: Sin | T3: SD | U3: Zsl | V3: ST | W3: T2m (d) | X3: nd | Y3: Ta | Z3: α | AA3: Sout | AB3: Snet | AC3: Lin | AD3: Lout | AE3: Lnet | AF3: Rnet | AG3: T2m (30 min) | AH3: T2m (30 min) | AI3: RH2m (30 min) | AJ3: WS2m (30 min) | AK3: Rib | AL3: Rib_corr | AM3: f(Rib) | AN3: T | AO3: p | AP3: H | AQ3: H+f(Rib) | AR3: e2m | AS3: LE | AT3: LE+f(Rib) | AU3: H+LE | AV3: Precip | AW3: Precip_liq | AX3: QR | AY3: QG | AZ3: Qm | BA3: ρ | BB3: A
A4: 43653 | B4: 0.5 | C4: =A4+B4 -> 43653.5 | D4: =A4-DATE(YEAR(C4),1,0) -> 188 | E4: 1 | F4: 0 | G4: 0 | H4: 0 | J4: 524475 | K4: 6301125 | L4: 2326 | M4: 17.1422 | N4: 51.5819 | O4: 744.495 | P4: =VLOOKUP(C4,AWS2_30min!$C$3:$G$2935,5) -> 955.8 | Q4: =INDEX($O$4:$O$423,MATCH(1,$H$4:$H$423,0)) -> 856.334 | R4: =P4/Q4 -> 1.1161533 | S4: =IF(F4=1,R4*O4) -> FALSE | T4: =VLOOKUP(A4,Albedo!$A$2:$F$63,6) -> 0 | U4: =Const!$B$26*D4+Const!$B$27 -> 2402.4844 | V4: =IF(T4=1,1,IF(L4>=U4,1,0)) -> 0 | W4: =VLOOKUP(A4,Albedo!$A$2:$G$63,5)+Const!$B$20*(L4-Const!$B$29) -> 18.8445 | X4: =VLOOKUP(A4,Albedo!$A$2:$G$63,7) -> 3 | Y4: =IF(T4=1,W4,VLOOKUP(A4,Albedo!$A$2:$H$63,8)+(X4+1)*Const!$B$20*(L4-Const!$B$29)) -> 41.11 | Z4: =Const!$B$22*V4+Const!$B$23*W4+Const!$B$24*Y4+Const!$B$25 -> 0.24656371 | AA4: =IF(F4=1,S4*Z4) -> FALSE | AB4: =IF(F4=1,S4-AA4) -> FALSE | AC4: =IF(F4=1,VLOOKUP(C4,AWS1_30min!$C$3:$J$2747,8)) -> FALSE | AD4: =IF(F4=1,Const!$B$5*POWER((0+Const!$B$4),4)) -> FALSE | AE4: =IF(F4=1,AC4-AD4) -> FALSE | AF4: =IF(F4=1,AB4+AE4) -> FALSE | AG4: =VLOOKUP(C4,AWS2_30min!$C$3:$J$2935,8)+Const!$B$20*(L4-Const!$B$29) -> 18.8445 | AH4: =AG4+273.15 -> 291.9945 | AI4: =VLOOKUP(C4,AWS2_30min!$C$3:$K$2935,9) -> 30.97 | AJ4: =VLOOKUP(C4,AWS2_30min!$C$3:$L$2935,10) -> 1.9076345 | AK4: =IF(AJ4>0.5,Const!$B$6*(AH4-Const!$B$4)*(Const!$B$32-Const!$B$34)/(AH4*POWER(AJ4,2))) -> 0.34784529 | AL4: =IF(AK4<Const!$B$33,AK4,"ЛОЖЬ") -> 0.34784529 | AM4: =IF(AND(ISNUMBER(AL4),AL4>0),POWER((1-5*AL4),2),IF(ISNUMBER(AL4),POWER((1-16*AL4),0.75))) -> 0.54645574 | AN4: =(AG4+VLOOKUP(C4,AWS1_30min!$C$4:$L$2747,10))/2 -> 16.81375 | AO4: =VLOOKUP(C4,AWS1_30min!$C$4:$O$2747,13)/POWER(10,(L4-Const!$B$28)/18400*(1+0.003665*AN4)) -> 771.56316 | AP4: =Const!$B$7*Const!$B$8*(AO4/Const!$B$11)*POWER(Const!$B$9,2)*AJ4*(AH4-Const!$B$4)/(LN(Const!$B$32/Const!$B$34)*LN(Const!$B$32/Const!$B$35)) -> 75.352817 | AQ4: =IF(F4=1,AM4*AP4) -> FALSE | AR4: =AI4*((6.112*EXP(((17.62*AG4)/(243.12+AG4))))*(1.0016+0.0000315*AO4-0.074/AO4))/100 -> 6.8969833 | AS4: =0.623*Const!$B$10*Const!$B$8*POWER(Const!$B$9,2)*AJ4*(AR4-Const!$B$12)/1013/(LN(Const!$B$32/Const!$B$34)*LN(Const!$B$32/Const!$B$36)) -> 6.4240767 | AT4: =IF(F4=1,AM4*AS4) -> FALSE | AU4: =IF(F4=1,AQ4+AT4) -> FALSE | AV4: =VLOOKUP(C4,AWS1_30min!$C$4:$P$2747,14) -> 0 | AW4: =IF(AG4>=2,AV4/1000/1800) -> 0 | AX4: =IF(F4=1,AW4*Const!$B$13*Const!$B$14*(AH4-Const!$B$4)) -> FALSE | AY4: =IF(F4=1,-Const!$B$15*(Const!$B$4-Const!$B$31)/2) -> FALSE | AZ4: =IF(F4=1,AB4+AE4+AQ4+AT4+AY4+AX4) -> FALSE | BA4: =IF(V4=1,Const!$B$37,Const!$B$38) -> 784 | BB4: =IF(F4=1,AZ4/Const!$B$17*1800/BA4*1000) -> FALSE
A5: =A4 -> 43653 | B5: =B4 -> 0.5 | C5: =C4 -> 43653.5 | D5: =D4 -> 188 | E5: 2 | F5: 0 | G5: 0 | H5: 0 | J5: 524565 | K5: 6301125 | L5: 2307 | M5: 12.2699 | N5: 28.2016 | O5: 840.349 | P5: =VLOOKUP(C5,AWS2_30min!$C$3:$G$2935,5) -> 955.8 | Q5: =INDEX($O$4:$O$423,MATCH(1,$H$4:$H$423,0)) -> 856.334 | R5: =P5/Q5 -> 1.1161533 | S5: =IF(F5=1,R5*O5) -> FALSE | T5: =VLOOKUP(A5,Albedo!$A$2:$F$63,6) -> 0 | U5: =Const!$B$26*D5+Const!$B$27 -> 2402.4844 | V5: =IF(T5=1,1,IF(L5>=U5,1,0)) -> 0 | W5: =VLOOKUP(A5,Albedo!$A$2:$G$63,5)+Const!$B$20*(L5-Const!$B$29) -> 18.968 | X5: =VLOOKUP(A5,Albedo!$A$2:$G$63,7) -> 3 | Y5: =IF(T5=1,W5,VLOOKUP(A5,Albedo!$A$2:$H$63,8)+(X5+1)*Const!$B$20*(L5-Const!$B$29)) -> 41.604 | Z5: =Const!$B$22*V5+Const!$B$23*W5+Const!$B$24*Y5+Const!$B$25 -> 0.24704536 | AA5: =IF(F5=1,S5*Z5) -> FALSE | AB5: =IF(F5=1,S5-AA5) -> FALSE | AC5: =IF(F5=1,VLOOKUP(C5,AWS1_30min!$C$3:$J$2747,8)) -> FALSE | AD5: =IF(F5=1,Const!$B$5*POWER((0+Const!$B$4),4)) -> FALSE | AE5: =IF(F5=1,AC5-AD5) -> FALSE | AF5: =IF(F5=1,AB5+AE5) -> FALSE | AG5: =VLOOKUP(C5,AWS2_30min!$C$3:$J$2935,8)+Const!$B$20*(L5-Const!$B$29) -> 18.968 | AH5: =AG5+273.15 -> 292.118 | AI5: =VLOOKUP(C5,AWS2_30min!$C$3:$K$2935,9) -> 30.97 | AJ5: =VLOOKUP(C5,AWS2_30min!$C$3:$L$2935,10) -> 1.9076345 | AK5: =IF(AJ5>0.5,Const!$B$6*(AH5-Const!$B$4)*(Const!$B$32-Const!$B$34)/(AH5*POWER(AJ5,2))) -> 0.34997692 | AL5: =IF(AK5<Const!$B$33,AK5,"ЛОЖЬ") -> 0.34997692 | AM5: =IF(AND(ISNUMBER(AL5),AL5>0),POWER((1-5*AL5),2),IF(ISNUMBER(AL5),POWER((1-16*AL5),0.75))) -> 0.56232689 | AN5: =(AG5+VLOOKUP(C5,AWS1_30min!$C$4:$L$2747,10))/2 -> 16.8755 | AO5: =VLOOKUP(C5,AWS1_30min!$C$4:$O$2747,13)/POWER(10,(L5-Const!$B$28)/18400*(1+0.003665*AN5)) -> 773.51806 | AP5: =Const!$B$7*Const!$B$8*(AO5/Const!$B$11)*POWER(Const!$B$9,2)*AJ5*(AH5-Const!$B$4)/(LN(Const!$B$32/Const!$B$34)*LN(Const!$B$32/Const!$B$35)) -> 76.038823 | AQ5: =IF(F5=1,AM5*AP5) -> FALSE | AR5: =AI5*((6.112*EXP(((17.62*AG5)/(243.12+AG5))))*(1.0016+0.0000315*AO5-0.074/AO5))/100 -> 6.9507525 | AS5: =0.623*Const!$B$10*Const!$B$8*POWER(Const!$B$9,2)*AJ5*(AR5-Const!$B$12)/1013/(LN(Const!$B$32/Const!$B$34)*LN(Const!$B$32/Const!$B$36)) -> 6.8629905 | AT5: =IF(F5=1,AM5*AS5) -> FALSE | AU5: =IF(F5=1,AQ5+AT5) -> FALSE | AV5: =VLOOKUP(C5,AWS1_30min!$C$4:$P$2747,14) -> 0 | AW5: =IF(AG5>=2,AV5/1000/1800) -> 0 | AX5: =IF(F5=1,AW5*Const!$B$13*Const!$B$14*(AH5-Const!$B$4)) -> FALSE | AY5: =IF(F5=1,-Const!$B$15*(Const!$B$4-Const!$B$31)/2) -> FALSE | AZ5: =IF(F5=1,AB5+AE5+AQ5+AT5+AY5+AX5) -> FALSE | BA5: =IF(V5=1,Const!$B$37,Const!$B$38) -> 784 | BB5: =IF(F5=1,AZ5/Const!$B$17*1800/BA5*1000) -> FALSE
A6: =A5 -> 43653 | B6: =B5 -> 0.5 | C6: =C5 -> 43653.5 | D6: =D5 -> 188 | E6: 3 | F6: 0 | G6: 0 | H6: 0 | J6: 524655 | K6: 6301125 | L6: 2307 | M6: 11.8448 | N6: 0.379439 | O6: 901.779 | P6: =VLOOKUP(C6,AWS2_30min!$C$3:$G$2935,5) -> 955.8 | Q6: =INDEX($O$4:$O$423,MATCH(1,$H$4:$H$423,0)) -> 856.334 | R6: =P6/Q6 -> 1.1161533 | S6: =IF(F6=1,R6*O6) -> FALSE | T6: =VLOOKUP(A6,Albedo!$A$2:$F$63,6) -> 0 | U6: =Const!$B$26*D6+Const!$B$27 -> 2402.4844 | V6: =IF(T6=1,1,IF(L6>=U6,1,0)) -> 0 | W6: =VLOOKUP(A6,Albedo!$A$2:$G$63,5)+Const!$B$20*(L6-Const!$B$29) -> 18.968 | X6: =VLOOKUP(A6,Albedo!$A$2:$G$63,7) -> 3 | Y6: =IF(T6=1,W6,VLOOKUP(A6,Albedo!$A$2:$H$63,8)+(X6+1)*Const!$B$20*(L6-Const!$B$29)) -> 41.604 | Z6: =Const!$B$22*V6+Const!$B$23*W6+Const!$B$24*Y6+Const!$B$25 -> 0.24704536 | AA6: =IF(F6=1,S6*Z6) -> FALSE | AB6: =IF(F6=1,S6-AA6) -> FALSE | AC6: =IF(F6=1,VLOOKUP(C6,AWS1_30min!$C$3:$J$2747,8)) -> FALSE | AD6: =IF(F6=1,Const!$B$5*POWER((0+Const!$B$4),4)) -> FALSE | AE6: =IF(F6=1,AC6-AD6) -> FALSE | AF6: =IF(F6=1,AB6+AE6) -> FALSE | AG6: =VLOOKUP(C6,AWS2_30min!$C$3:$J$2935,8)+Const!$B$20*(L6-Const!$B$29) -> 18.968 | AH6: =AG6+273.15 -> 292.118 | AI6: =VLOOKUP(C6,AWS2_30min!$C$3:$K$2935,9) -> 30.97 | AJ6: =VLOOKUP(C6,AWS2_30min!$C$3:$L$2935,10) -> 1.9076345 | AK6: =IF(AJ6>0.5,Const!$B$6*(AH6-Const!$B$4)*(Const!$B$32-Const!$B$34)/(AH6*POWER(AJ6,2))) -> 0.34997692 | AL6: =IF(AK6<Const!$B$33,AK6,"ЛОЖЬ") -> 0.34997692 | AM6: =IF(AND(ISNUMBER(AL6),AL6>0),POWER((1-5*AL6),2),IF(ISNUMBER(AL6),POWER((1-16*AL6),0.75))) -> 0.56232689 | AN6: =(AG6+VLOOKUP(C6,AWS1_30min!$C$4:$L$2747,10))/2 -> 16.8755 | AO6: =VLOOKUP(C6,AWS1_30min!$C$4:$O$2747,13)/POWER(10,(L6-Const!$B$28)/18400*(1+0.003665*AN6)) -> 773.51806 | AP6: =Const!$B$7*Const!$B$8*(AO6/Const!$B$11)*POWER(Const!$B$9,2)*AJ6*(AH6-Const!$B$4)/(LN(Const!$B$32/Const!$B$34)*LN(Const!$B$32/Const!$B$35)) -> 76.038823 | AQ6: =IF(F6=1,AM6*AP6) -> FALSE | AR6: =AI6*((6.112*EXP(((17.62*AG6)/(243.12+AG6))))*(1.0016+0.0000315*AO6-0.074/AO6))/100 -> 6.9507525 | AS6: =0.623*Const!$B$10*Const!$B$8*POWER(Const!$B$9,2)*AJ6*(AR6-Const!$B$12)/1013/(LN(Const!$B$32/Const!$B$34)*LN(Const!$B$32/Const!$B$36)) -> 6.8629905 | AT6: =IF(F6=1,AM6*AS6) -> FALSE | AU6: =IF(F6=1,AQ6+AT6) -> FALSE | AV6: =VLOOKUP(C6,AWS1_30min!$C$4:$P$2747,14) -> 0 | AW6: =IF(AG6>=2,AV6/1000/1800) -> 0 | AX6: =IF(F6=1,AW6*Const!$B$13*Const!$B$14*(AH6-Const!$B$4)) -> FALSE | AY6: =IF(F6=1,-Const!$B$15*(Const!$B$4-Const!$B$31)/2) -> FALSE | AZ6: =IF(F6=1,AB6+AE6+AQ6+AT6+AY6+AX6) -> FALSE | BA6: =IF(V6=1,Const!$B$37,Const!$B$38) -> 784 | BB6: =IF(F6=1,AZ6/Const!$B$17*1800/BA6*1000) -> FALSE
A7: =A6 -> 43653 | B7: =B6 -> 0.5 | C7: =C6 -> 43653.5 | D7: =D6 -> 188 | E7: 4 | F7: 0 | G7: 0 | H7: 0 | J7: 524745 | K7: 6301125 | L7: 2304 | M7: 21.7408 | N7: 315.847 | O7: 1020.33 | P7: =VLOOKUP(C7,AWS2_30min!$C$3:$G$2935,5) -> 955.8 | Q7: =INDEX($O$4:$O$423,MATCH(1,$H$4:$H$423,0)) -> 856.334 | R7: =P7/Q7 -> 1.1161533 | S7: =IF(F7=1,R7*O7) -> FALSE | T7: =VLOOKUP(A7,Albedo!$A$2:$F$63,6) -> 0 | U7: =Const!$B$26*D7+Const!$B$27 -> 2402.4844 | V7: =IF(T7=1,1,IF(L7>=U7,1,0)) -> 0 | W7: =VLOOKUP(A7,Albedo!$A$2:$G$63,5)+Const!$B$20*(L7-Const!$B$29) -> 18.9875 | X7: =VLOOKUP(A7,Albedo!$A$2:$G$63,7) -> 3 | Y7: =IF(T7=1,W7,VLOOKUP(A7,Albedo!$A$2:$H$63,8)+(X7+1)*Const!$B$20*(L7-Const!$B$29)) -> 41.682 | Z7: =Const!$B$22*V7+Const!$B$23*W7+Const!$B$24*Y7+Const!$B$25 -> 0.24712141 | AA7: =IF(F7=1,S7*Z7) -> FALSE | AB7: =IF(F7=1,S7-AA7) -> FALSE | AC7: =IF(F7=1,VLOOKUP(C7,AWS1_30min!$C$3:$J$2747,8)) -> FALSE | AD7: =IF(F7=1,Const!$B$5*POWER((0+Const!$B$4),4)) -> FALSE | AE7: =IF(F7=1,AC7-AD7) -> FALSE | AF7: =IF(F7=1,AB7+AE7) -> FALSE | AG7: =VLOOKUP(C7,AWS2_30min!$C$3:$J$2935,8)+Const!$B$20*(L7-Const!$B$29) -> 18.9875 | AH7: =AG7+273.15 -> 292.1375 | AI7: =VLOOKUP(C7,AWS2_30min!$C$3:$K$2935,9) -> 30.97 | AJ7: =VLOOKUP(C7,AWS2_30min!$C$3:$L$2935,10) -> 1.9076345 | AK7: =IF(AJ7>0.5,Const!$B$6*(AH7-Const!$B$4)*(Const!$B$32-Const!$B$34)/(AH7*POWER(AJ7,2))) -> 0.35031332 | AL7: =IF(AK7<Const!$B$33,AK7,"ЛОЖЬ") -> 0.35031332 | AM7: =IF(AND(ISNUMBER(AL7),AL7>0),POWER((1-5*AL7),2),IF(ISNUMBER(AL7),POWER((1-16*AL7),0.75))) -> 0.56485239 | AN7: =(AG7+VLOOKUP(C7,AWS1_30min!$C$4:$L$2747,10))/2 -> 16.88525 | AO7: =VLOOKUP(C7,AWS1_30min!$C$4:$O$2747,13)/POWER(10,(L7-Const!$B$28)/18400*(1+0.003665*AN7)) -> 773.82725 | AP7: =Const!$B$7*Const!$B$8*(AO7/Const!$B$11)*POWER(Const!$B$9,2)*AJ7*(AH7-Const!$B$4)/(LN(Const!$B$32/Const!$B$34)*LN(Const!$B$32/Const!$B$35)) -> 76.14742 | AQ7: =IF(F7=1,AM7*AP7) -> FALSE | AR7: =AI7*((6.112*EXP(((17.62*AG7)/(243.12+AG7))))*(1.0016+0.0000315*AO7-0.074/AO7))/100 -> 6.9592761 | AS7: =0.623*Const!$B$10*Const!$B$8*POWER(Const!$B$9,2)*AJ7*(AR7-Const!$B$12)/1013/(LN(Const!$B$32/Const!$B$34)*LN(Const!$B$32/Const!$B$36)) -> 6.9325679 | AT7: =IF(F7=1,AM7*AS7) -> FALSE | AU7: =IF(F7=1,AQ7+AT7) -> FALSE | AV7: =VLOOKUP(C7,AWS1_30min!$C$4:$P$2747,14) -> 0 | AW7: =IF(AG7>=2,AV7/1000/1800) -> 0 | AX7: =IF(F7=1,AW7*Const!$B$13*Const!$B$14*(AH7-Const!$B$4)) -> FALSE | AY7: =IF(F7=1,-Const!$B$15*(Const!$B$4-Const!$B$31)/2) -> FALSE | AZ7: =IF(F7=1,AB7+AE7+AQ7+AT7+AY7+AX7) -> FALSE | BA7: =IF(V7=1,Const!$B$37,Const!$B$38) -> 784 | BB7: =IF(F7=1,AZ7/Const!$B$17*1800/BA7*1000) -> FALSE
A8: =A7 -> 43653 | B8: =B7 -> 0.5 | C8: =C7 -> 43653.5 | D8: =D7 -> 188 | E8: 5 | F8: 0 | G8: 0 | H8: 0 | J8: 524835 | K8: 6301125 | L8: 2346 | M8: 38.1859 | N8: 301.276 | O8: 1073.13 | P8: =VLOOKUP(C8,AWS2_30min!$C$3:$G$2935,5) -> 955.8 | Q8: =INDEX($O$4:$O$423,MATCH(1,$H$4:$H$423,0)) -> 856.334 | R8: =P8/Q8 -> 1.1161533 | S8: =IF(F8=1,R8*O8) -> FALSE | T8: =VLOOKUP(A8,Albedo!$A$2:$F$63,6) -> 0 | U8: =Const!$B$26*D8+Const!$B$27 -> 2402.4844 | V8: =IF(T8=1,1,IF(L8>=U8,1,0)) -> 0 | W8: =VLOOKUP(A8,Albedo!$A$2:$G$63,5)+Const!$B$20*(L8-Const!$B$29) -> 18.7145 | X8: =VLOOKUP(A8,Albedo!$A$2:$G$63,7) -> 3 | Y8: =IF(T8=1,W8,VLOOKUP(A8,Albedo!$A$2:$H$63,8)+(X8+1)*Const!$B$20*(L8-Const!$B$29)) -> 40.59 | Z8: =Const!$B$22*V8+Const!$B$23*W8+Const!$B$24*Y8+Const!$B$25 -> 0.24605671 | AA8: =IF(F8=1,S8*Z8) -> FALSE | AB8: =IF(F8=1,S8-AA8) -> FALSE | AC8: =IF(F8=1,VLOOKUP(C8,AWS1_30min!$C$3:$J$2747,8)) -> FALSE | AD8: =IF(F8=1,Const!$B$5*POWER((0+Const!$B$4),4)) -> FALSE | AE8: =IF(F8=1,AC8-AD8) -> FALSE | AF8: =IF(F8=1,AB8+AE8) -> FALSE | AG8: =VLOOKUP(C8,AWS2_30min!$C$3:$J$2935,8)+Const!$B$20*(L8-Const!$B$29) -> 18.7145 | AH8: =AG8+273.15 -> 291.8645 | AI8: =VLOOKUP(C8,AWS2_30min!$C$3:$K$2935,9) -> 30.97 | AJ8: =VLOOKUP(C8,AWS2_30min!$C$3:$L$2935,10) -> 1.9076345 | AK8: =IF(AJ8>0.5,Const!$B$6*(AH8-Const!$B$4)*(Const!$B$32-Const!$B$34)/(AH8*POWER(AJ8,2))) -> 0.34559952 | AL8: =IF(AK8<Const!$B$33,AK8,"ЛОЖЬ") -> 0.34559952 | AM8: =IF(AND(ISNUMBER(AL8),AL8>0),POWER((1-5*AL8),2),IF(ISNUMBER(AL8),POWER((1-16*AL8),0.75))) -> 0.52998051 | AN8: =(AG8+VLOOKUP(C8,AWS1_30min!$C$4:$L$2747,10))/2 -> 16.74875 | AO8: =VLOOKUP(C8,AWS1_30min!$C$4:$O$2747,13)/POWER(10,(L8-Const!$B$28)/18400*(1+0.003665*AN8)) -> 769.51161 | AP8: =Const!$B$7*Const!$B$8*(AO8/Const!$B$11)*POWER(Const!$B$9,2)*AJ8*(AH8-Const!$B$4)/(LN(Const!$B$32/Const!$B$34)*LN(Const!$B$32/Const!$B$35)) -> 74.634013 | AQ8: =IF(F8=1,AM8*AP8) -> FALSE | AR8: =AI8*((6.112*EXP(((17.62*AG8)/(243.12+AG8))))*(1.0016+0.0000315*AO8-0.074/AO8))/100 -> 6.8407809 | AS8: =0.623*Const!$B$10*Const!$B$8*POWER(Const!$B$9,2)*AJ8*(AR8-Const!$B$12)/1013/(LN(Const!$B$32/Const!$B$34)*LN(Const!$B$32/Const!$B$36)) -> 5.9653018 | AT8: =IF(F8=1,AM8*AS8) -> FALSE | AU8: =IF(F8=1,AQ8+AT8) -> FALSE | AV8: =VLOOKUP(C8,AWS1_30min!$C$4:$P$2747,14) -> 0 | AW8: =IF(AG8>=2,AV8/1000/1800) -> 0 | AX8: =IF(F8=1,AW8*Const!$B$13*Const!$B$14*(AH8-Const!$B$4)) -> FALSE | AY8: =IF(F8=1,-Const!$B$15*(Const!$B$4-Const!$B$31)/2) -> FALSE | AZ8: =IF(F8=1,AB8+AE8+AQ8+AT8+AY8+AX8) -> FALSE | BA8: =IF(V8=1,Const!$B$37,Const!$B$38) -> 784 | BB8: =IF(F8=1,AZ8/Const!$B$17*1800/BA8*1000) -> FALSE
A9: =A8 -> 43653 | B9: =B8 -> 0.5 | C9: =C8 -> 43653.5 | D9: =D8 -> 188 | E9: 6 | F9: 0 | G9: 0 | H9: 0 | J9: 524925 | K9: 6301125 | L9: 2414 | M9: 31.9666 | N9: 320.962 | O9: 1005.61 | P9: =VLOOKUP(C9,AWS2_30min!$C$3:$G$2935,5) -> 955.8 | Q9: =INDEX($O$4:$O$423,MATCH(1,$H$4:$H$423,0)) -> 856.334 | R9: =P9/Q9 -> 1.1161533 | S9: =IF(F9=1,R9*O9) -> FALSE | T9: =VLOOKUP(A9,Albedo!$A$2:$F$63,6) -> 0 | U9: =Const!$B$26*D9+Const!$B$27 -> 2402.4844 | V9: =IF(T9=1,1,IF(L9>=U9,1,0)) -> 1 | W9: =VLOOKUP(A9,Albedo!$A$2:$G$63,5)+Const!$B$20*(L9-Const!$B$29) -> 18.2725 | X9: =VLOOKUP(A9,Albedo!$A$2:$G$63,7) -> 3 | Y9: =IF(T9=1,W9,VLOOKUP(A9,Albedo!$A$2:$H$63,8)+(X9+1)*Const!$B$20*(L9-Const!$B$29)) -> 38.822 | Z9: =Const!$B$22*V9+Const!$B$23*W9+Const!$B$24*Y9+Const!$B$25 -> 0.58178291 | AA9: =IF(F9=1,S9*Z9) -> FALSE | AB9: =IF(F9=1,S9-AA9) -> FALSE | AC9: =IF(F9=1,VLOOKUP(C9,AWS1_30min!$C$3:$J$2747,8)) -> FALSE | AD9: =IF(F9=1,Const!$B$5*POWER((0+Const!$B$4),4)) -> FALSE | AE9: =IF(F9=1,AC9-AD9) -> FALSE | AF9: =IF(F9=1,AB9+AE9) -> FALSE | AG9: =VLOOKUP(C9,AWS2_30min!$C$3:$J$2935,8)+Const!$B$20*(L9-Const!$B$29) -> 18.2725 | AH9: =AG9+273.15 -> 291.4225 | AI9: =VLOOKUP(C9,AWS2_30min!$C$3:$K$2935,9) -> 30.97 | AJ9: =VLOOKUP(C9,AWS2_30min!$C$3:$L$2935,10) -> 1.9076345 | AK9: =IF(AJ9>0.5,Const!$B$6*(AH9-Const!$B$4)*(Const!$B$32-Const!$B$34)/(AH9*POWER(AJ9,2))) -> 0.33794892 | AL9: =IF(AK9<Const!$B$33,AK9,"ЛОЖЬ") -> 0.33794892 | AM9: =IF(AND(ISNUMBER(AL9),AL9>0),POWER((1-5*AL9),2),IF(ISNUMBER(AL9),POWER((1-16*AL9),0.75))) -> 0.47574765 | AN9: =(AG9+VLOOKUP(C9,AWS1_30min!$C$4:$L$2747,10))/2 -> 16.52775 | AO9: =VLOOKUP(C9,AWS1_30min!$C$4:$O$2747,13)/POWER(10,(L9-Const!$B$28)/18400*(1+0.003665*AN9)) -> 762.58386 | AP9: =Const!$B$7*Const!$B$8*(AO9/Const!$B$11)*POWER(Const!$B$9,2)*AJ9*(AH9-Const!$B$4)/(LN(Const!$B$32/Const!$B$34)*LN(Const!$B$32/Const!$B$35)) -> 72.215258 | AQ9: =IF(F9=1,AM9*AP9) -> FALSE | AR9: =AI9*((6.112*EXP(((17.62*AG9)/(243.12+AG9))))*(1.0016+0.0000315*AO9-0.074/AO9))/100 -> 6.652704 | AS9: =0.623*Const!$B$10*Const!$B$8*POWER(Const!$B$9,2)*AJ9*(AR9-Const!$B$12)/1013/(LN(Const!$B$32/Const!$B$34)*LN(Const!$B$32/Const!$B$36)) -> 4.430046 | AT9: =IF(F9=1,AM9*AS9) -> FALSE | AU9: =IF(F9=1,AQ9+AT9) -> FALSE | AV9: =VLOOKUP(C9,AWS1_30min!$C$4:$P$2747,14) -> 0 | AW9: =IF(AG9>=2,AV9/1000/1800) -> 0 | AX9: =IF(F9=1,AW9*Const!$B$13*Const!$B$14*(AH9-Const!$B$4)) -> FALSE | AY9: =IF(F9=1,-Const!$B$15*(Const!$B$4-Const!$B$31)/2) -> FALSE | AZ9: =IF(F9=1,AB9+AE9+AQ9+AT9+AY9+AX9) -> FALSE | BA9: =IF(V9=1,Const!$B$37,Const!$B$38) -> 602 | BB9: =IF(F9=1,AZ9/Const!$B$17*1800/BA9*1000) -> FALSE
A10: =A9 -> 43653 | B10: =B9 -> 0.5 | C10: =C9 -> 43653.5 | D10: =D9 -> 188 | E10: 7 | F10: 0 | G10: 0 | H10: 0 | J10: 525015 | K10: 6301125 | L10: 2414 | M10: 34.8327 | N10: 312.735 | O10: 1036.27 | P10: =VLOOKUP(C10,AWS2_30min!$C$3:$G$2935,5) -> 955.8 | Q10: =INDEX($O$4:$O$423,MATCH(1,$H$4:$H$423,0)) -> 856.334 | R10: =P10/Q10 -> 1.1161533 | S10: =IF(F10=1,R10*O10) -> FALSE | T10: =VLOOKUP(A10,Albedo!$A$2:$F$63,6) -> 0 | U10: =Const!$B$26*D10+Const!$B$27 -> 2402.4844 | V10: =IF(T10=1,1,IF(L10>=U10,1,0)) -> 1 | W10: =VLOOKUP(A10,Albedo!$A$2:$G$63,5)+Const!$B$20*(L10-Const!$B$29) -> 18.2725 | X10: =VLOOKUP(A10,Albedo!$A$2:$G$63,7) -> 3 | Y10: =IF(T10=1,W10,VLOOKUP(A10,Albedo!$A$2:$H$63,8)+(X10+1)*Const!$B$20*(L10-Const!$B$29)) -> 38.822 | Z10: =Const!$B$22*V10+Const!$B$23*W10+Const!$B$24*Y10+Const!$B$25 -> 0.58178291 | AA10: =IF(F10=1,S10*Z10) -> FALSE | AB10: =IF(F10=1,S10-AA10) -> FALSE | AC10: =IF(F10=1,VLOOKUP(C10,AWS1_30min!$C$3:$J$2747,8)) -> FALSE | AD10: =IF(F10=1,Const!$B$5*POWER((0+Const!$B$4),4)) -> FALSE | AE10: =IF(F10=1,AC10-AD10) -> FALSE | AF10: =IF(F10=1,AB10+AE10) -> FALSE | AG10: =VLOOKUP(C10,AWS2_30min!$C$3:$J$2935,8)+Const!$B$20*(L10-Const!$B$29) -> 18.2725 | AH10: =AG10+273.15 -> 291.4225 | AI10: =VLOOKUP(C10,AWS2_30min!$C$3:$K$2935,9) -> 30.97 | AJ10: =VLOOKUP(C10,AWS2_30min!$C$3:$L$2935,10) -> 1.9076345 | AK10: =IF(AJ10>0.5,Const!$B$6*(AH10-Const!$B$4)*(Const!$B$32-Const!$B$34)/(AH10*POWER(AJ10,2))) -> 0.33794892 | AL10: =IF(AK10<Const!$B$33,AK10,"ЛОЖЬ") -> 0.33794892 | AM10: =IF(AND(ISNUMBER(AL10),AL10>0),POWER((1-5*AL10),2),IF(ISNUMBER(AL10),POWER((1-16*AL10),0.75))) -> 0.47574765 | AN10: =(AG10+VLOOKUP(C10,AWS1_30min!$C$4:$L$2747,10))/2 -> 16.52775 | AO10: =VLOOKUP(C10,AWS1_30min!$C$4:$O$2747,13)/POWER(10,(L10-Const!$B$28)/18400*(1+0.003665*AN10)) -> 762.58386 | AP10: =Const!$B$7*Const!$B$8*(AO10/Const!$B$11)*POWER(Const!$B$9,2)*AJ10*(AH10-Const!$B$4)/(LN(Const!$B$32/Const!$B$34)*LN(Const!$B$32/Const!$B$35)) -> 72.215258 | AQ10: =IF(F10=1,AM10*AP10) -> FALSE | AR10: =AI10*((6.112*EXP(((17.62*AG10)/(243.12+AG10))))*(1.0016+0.0000315*AO10-0.074/AO10))/100 -> 6.652704 | AS10: =0.623*Const!$B$10*Const!$B$8*POWER(Const!$B$9,2)*AJ10*(AR10-Const!$B$12)/1013/(LN(Const!$B$32/Const!$B$34)*LN(Const!$B$32/Const!$B$36)) -> 4.430046 | AT10: =IF(F10=1,AM10*AS10) -> FALSE | AU10: =IF(F10=1,AQ10+AT10) -> FALSE | AV10: =VLOOKUP(C10,AWS1_30min!$C$4:$P$2747,14) -> 0 | AW10: =IF(AG10>=2,AV10/1000/1800) -> 0 | AX10: =IF(F10=1,AW10*Const!$B$13*Const!$B$14*(AH10-Const!$B$4)) -> FALSE | AY10: =IF(F10=1,-Const!$B$15*(Const!$B$4-Const!$B$31)/2) -> FALSE | AZ10: =IF(F10=1,AB10+AE10+AQ10+AT10+AY10+AX10) -> FALSE | BA10: =IF(V10=1,Const!$B$37,Const!$B$38) -> 602 | BB10: =IF(F10=1,AZ10/Const!$B$17*1800/BA10*1000) -> FALSE
A11: =A10 -> 43653 | B11: =B10 -> 0.5 | C11: =C10 -> 43653.5 | D11: =D10 -> 188 | E11: 8 | F11: 0 | G11: 0 | H11: 0 | J11: 525105 | K11: 6301125 | L11: 2511 | M11: 39.3313 | N11: 300.564 | O11: 1078.3 | P11: =VLOOKUP(C11,AWS2_30min!$C$3:$G$2935,5) -> 955.8 | Q11: =INDEX($O$4:$O$423,MATCH(1,$H$4:$H$423,0)) -> 856.334 | R11: =P11/Q11 -> 1.1161533 | S11: =IF(F11=1,R11*O11) -> FALSE | T11: =VLOOKUP(A11,Albedo!$A$2:$F$63,6) -> 0 | U11: =Const!$B$26*D11+Const!$B$27 -> 2402.4844 | V11: =IF(T11=1,1,IF(L11>=U11,1,0)) -> 1 | W11: =VLOOKUP(A11,Albedo!$A$2:$G$63,5)+Const!$B$20*(L11-Const!$B$29) -> 17.642 | X11: =VLOOKUP(A11,Albedo!$A$2:$G$63,7) -> 3 | Y11: =IF(T11=1,W11,VLOOKUP(A11,Albedo!$A$2:$H$63,8)+(X11+1)*Const!$B$20*(L11-Const!$B$29)) -> 36.3 | Z11: =Const!$B$22*V11+Const!$B$23*W11+Const!$B$24*Y11+Const!$B$25 -> 0.57932396 | AA11: =IF(F11=1,S11*Z11) -> FALSE | AB11: =IF(F11=1,S11-AA11) -> FALSE | AC11: =IF(F11=1,VLOOKUP(C11,AWS1_30min!$C$3:$J$2747,8)) -> FALSE | AD11: =IF(F11=1,Const!$B$5*POWER((0+Const!$B$4),4)) -> FALSE | AE11: =IF(F11=1,AC11-AD11) -> FALSE | AF11: =IF(F11=1,AB11+AE11) -> FALSE | AG11: =VLOOKUP(C11,AWS2_30min!$C$3:$J$2935,8)+Const!$B$20*(L11-Const!$B$29) -> 17.642 | AH11: =AG11+273.15 -> 290.792 | AI11: =VLOOKUP(C11,AWS2_30min!$C$3:$K$2935,9) -> 30.97 | AJ11: =VLOOKUP(C11,AWS2_30min!$C$3:$L$2935,10) -> 1.9076345 | AK11: =IF(AJ11>0.5,Const!$B$6*(AH11-Const!$B$4)*(Const!$B$32-Const!$B$34)/(AH11*POWER(AJ11,2))) -> 0.32699532 | AL11: =IF(AK11<Const!$B$33,AK11,"ЛОЖЬ") -> 0.32699532 | AM11: =IF(AND(ISNUMBER(AL11),AL11>0),POWER((1-5*AL11),2),IF(ISNUMBER(AL11),POWER((1-16*AL11),0.75))) -> 0.4031953 | AN11: =(AG11+VLOOKUP(C11,AWS1_30min!$C$4:$L$2747,10))/2 -> 16.2125 | AO11: =VLOOKUP(C11,AWS1_30min!$C$4:$O$2747,13)/POWER(10,(L11-Const!$B$28)/18400*(1+0.003665*AN11)) -> 752.82738 | AP11: =Const!$B$7*Const!$B$8*(AO11/Const!$B$11)*POWER(Const!$B$9,2)*AJ11*(AH11-Const!$B$4)/(LN(Const!$B$32/Const!$B$34)*LN(Const!$B$32/Const!$B$35)) -> 68.831402 | AQ11: =IF(F11=1,AM11*AP11) -> FALSE | AR11: =AI11*((6.112*EXP(((17.62*AG11)/(243.12+AG11))))*(1.0016+0.0000315*AO11-0.074/AO11))/100 -> 6.3923181 | AS11: =0.623*Const!$B$10*Const!$B$8*POWER(Const!$B$9,2)*AJ11*(AR11-Const!$B$12)/1013/(LN(Const!$B$32/Const!$B$34)*LN(Const!$B$32/Const!$B$36)) -> 2.3045388 | AT11: =IF(F11=1,AM11*AS11) -> FALSE | AU11: =IF(F11=1,AQ11+AT11) -> FALSE | AV11: =VLOOKUP(C11,AWS1_30min!$C$4:$P$2747,14) -> 0 | AW11: =IF(AG11>=2,AV11/1000/1800) -> 0 | AX11: =IF(F11=1,AW11*Const!$B$13*Const!$B$14*(AH11-Const!$B$4)) -> FALSE | AY11: =IF(F11=1,-Const!$B$15*(Const!$B$4-Const!$B$31)/2) -> FALSE | AZ11: =IF(F11=1,AB11+AE11+AQ11+AT11+AY11+AX11) -> FALSE | BA11: =IF(V11=1,Const!$B$37,Const!$B$38) -> 602 | BB11: =IF(F11=1,AZ11/Const!$B$17*1800/BA11*1000) -> FALSE
A12: =A11 -> 43653 | B12: =B11 -> 0.5 | C12: =C11 -> 43653.5 | D12: =D11 -> 188 | E12: 9 | F12: 0 | G12: 0 | H12: 0 | J12: 525195 | K12: 6301125 | L12: 2581 | M12: 43.419 | N12: 287.158 | O12: 1110.5 | P12: =VLOOKUP(C12,AWS2_30min!$C$3:$G$2935,5) -> 955.8 | Q12: =INDEX($O$4:$O$423,MATCH(1,$H$4:$H$423,0)) -> 856.334 | R12: =P12/Q12 -> 1.1161533 | S12: =IF(F12=1,R12*O12) -> FALSE | T12: =VLOOKUP(A12,Albedo!$A$2:$F$63,6) -> 0 | U12: =Const!$B$26*D12+Const!$B$27 -> 2402.4844 | V12: =IF(T12=1,1,IF(L12>=U12,1,0)) -> 1 | W12: =VLOOKUP(A12,Albedo!$A$2:$G$63,5)+Const!$B$20*(L12-Const!$B$29) -> 17.187 | X12: =VLOOKUP(A12,Albedo!$A$2:$G$63,7) -> 3 | Y12: =IF(T12=1,W12,VLOOKUP(A12,Albedo!$A$2:$H$63,8)+(X12+1)*Const!$B$20*(L12-Const!$B$29)) -> 34.48 | Z12: =Const!$B$22*V12+Const!$B$23*W12+Const!$B$24*Y12+Const!$B$25 -> 0.57754946 | AA12: =IF(F12=1,S12*Z12) -> FALSE | AB12: =IF(F12=1,S12-AA12) -> FALSE | AC12: =IF(F12=1,VLOOKUP(C12,AWS1_30min!$C$3:$J$2747,8)) -> FALSE | AD12: =IF(F12=1,Const!$B$5*POWER((0+Const!$B$4),4)) -> FALSE | AE12: =IF(F12=1,AC12-AD12) -> FALSE | AF12: =IF(F12=1,AB12+AE12) -> FALSE | AG12: =VLOOKUP(C12,AWS2_30min!$C$3:$J$2935,8)+Const!$B$20*(L12-Const!$B$29) -> 17.187 | AH12: =AG12+273.15 -> 290.337 | AI12: =VLOOKUP(C12,AWS2_30min!$C$3:$K$2935,9) -> 30.97 | AJ12: =VLOOKUP(C12,AWS2_30min!$C$3:$L$2935,10) -> 1.9076345 | AK12: =IF(AJ12>0.5,Const!$B$6*(AH12-Const!$B$4)*(Const!$B$32-Const!$B$34)/(AH12*POWER(AJ12,2))) -> 0.31906111 | AL12: =IF(AK12<Const!$B$33,AK12,"ЛОЖЬ") -> 0.31906111 | AM12: =IF(AND(ISNUMBER(AL12),AL12>0),POWER((1-5*AL12),2),IF(ISNUMBER(AL12),POWER((1-16*AL12),0.75))) -> 0.35438869 | AN12: =(AG12+VLOOKUP(C12,AWS1_30min!$C$4:$L$2747,10))/2 -> 15.985 | AO12: =VLOOKUP(C12,AWS1_30min!$C$4:$O$2747,13)/POWER(10,(L12-Const!$B$28)/18400*(1+0.003665*AN12)) -> 745.87726 | AP12: =Const!$B$7*Const!$B$8*(AO12/Const!$B$11)*POWER(Const!$B$9,2)*AJ12*(AH12-Const!$B$4)/(LN(Const!$B$32/Const!$B$34)*LN(Const!$B$32/Const!$B$35)) -> 66.437125 | AQ12: =IF(F12=1,AM12*AP12) -> FALSE | AR12: =AI12*((6.112*EXP(((17.62*AG12)/(243.12+AG12))))*(1.0016+0.0000315*AO12-0.074/AO12))/100 -> 6.2100415 | AS12: =0.623*Const!$B$10*Const!$B$8*POWER(Const!$B$9,2)*AJ12*(AR12-Const!$B$12)/1013/(LN(Const!$B$32/Const!$B$34)*LN(Const!$B$32/Const!$B$36)) -> 0.81663046 | AT12: =IF(F12=1,AM12*AS12) -> FALSE | AU12: =IF(F12=1,AQ12+AT12) -> FALSE | AV12: =VLOOKUP(C12,AWS1_30min!$C$4:$P$2747,14) -> 0 | AW12: =IF(AG12>=2,AV12/1000/1800) -> 0 | AX12: =IF(F12=1,AW12*Const!$B$13*Const!$B$14*(AH12-Const!$B$4)) -> FALSE | AY12: =IF(F12=1,-Const!$B$15*(Const!$B$4-Const!$B$31)/2) -> FALSE | AZ12: =IF(F12=1,AB12+AE12+AQ12+AT12+AY12+AX12) -> FALSE | BA12: =IF(V12=1,Const!$B$37,Const!$B$38) -> 602 | BB12: =IF(F12=1,AZ12/Const!$B$17*1800/BA12*1000) -> FALSE
A13: =A12 -> 43653 | B13: =B12 -> 0.5 | C13: =C12 -> 43653.5 | D13: =D12 -> 188 | E13: 10 | F13: 0 | G13: 0 | H13: 0 | J13: 525285 | K13: 6301125 | L13: 2689 | M13: 38.2697 | N13: 270.202 | O13: 1137.67 | P13: =VLOOKUP(C13,AWS2_30min!$C$3:$G$2935,5) -> 955.8 | Q13: =INDEX($O$4:$O$423,MATCH(1,$H$4:$H$423,0)) -> 856.334 | R13: =P13/Q13 -> 1.1161533 | S13: =IF(F13=1,R13*O13) -> FALSE | T13: =VLOOKUP(A13,Albedo!$A$2:$F$63,6) -> 0 | U13: =Const!$B$26*D13+Const!$B$27 -> 2402.4844 | V13: =IF(T13=1,1,IF(L13>=U13,1,0)) -> 1 | W13: =VLOOKUP(A13,Albedo!$A$2:$G$63,5)+Const!$B$20*(L13-Const!$B$29) -> 16.485 | X13: =VLOOKUP(A13,Albedo!$A$2:$G$63,7) -> 3 | Y13: =IF(T13=1,W13,VLOOKUP(A13,Albedo!$A$2:$H$63,8)+(X13+1)*Const!$B$20*(L13-Const!$B$29)) -> 31.672 | Z13: =Const!$B$22*V13+Const!$B$23*W13+Const!$B$24*Y13+Const!$B$25 -> 0.57481166 | AA13: =IF(F13=1,S13*Z13) -> FALSE | AB13: =IF(F13=1,S13-AA13) -> FALSE | AC13: =IF(F13=1,VLOOKUP(C13,AWS1_30min!$C$3:$J$2747,8)) -> FALSE | AD13: =IF(F13=1,Const!$B$5*POWER((0+Const!$B$4),4)) -> FALSE | AE13: =IF(F13=1,AC13-AD13) -> FALSE | AF13: =IF(F13=1,AB13+AE13) -> FALSE | AG13: =VLOOKUP(C13,AWS2_30min!$C$3:$J$2935,8)+Const!$B$20*(L13-Const!$B$29) -> 16.485 | AH13: =AG13+273.15 -> 289.635 | AI13: =VLOOKUP(C13,AWS2_30min!$C$3:$K$2935,9) -> 30.97 | AJ13: =VLOOKUP(C13,AWS2_30min!$C$3:$L$2935,10) -> 1.9076345 | AK13: =IF(AJ13>0.5,Const!$B$6*(AH13-Const!$B$4)*(Const!$B$32-Const!$B$34)/(AH13*POWER(AJ13,2))) -> 0.30677085 | AL13: =IF(AK13<Const!$B$33,AK13,"ЛОЖЬ") -> 0.30677085 | AM13: =IF(AND(ISNUMBER(AL13),AL13>0),POWER((1-5*AL13),2),IF(ISNUMBER(AL13),POWER((1-16*AL13),0.75))) -> 0.28500035 | AN13: =(AG13+VLOOKUP(C13,AWS1_30min!$C$4:$L$2747,10))/2 -> 15.634 | AO13: =VLOOKUP(C13,AWS1_30min!$C$4:$O$2747,13)/POWER(10,(L13-Const!$B$28)/18400*(1+0.003665*AN13)) -> 735.30094 | AP13: =Const!$B$7*Const!$B$8*(AO13/Const!$B$11)*POWER(Const!$B$9,2)*AJ13*(AH13-Const!$B$4)/(LN(Const!$B$32/Const!$B$34)*LN(Const!$B$32/Const!$B$35)) -> 62.819932 | AQ13: =IF(F13=1,AM13*AP13) -> FALSE | AR13: =AI13*((6.112*EXP(((17.62*AG13)/(243.12+AG13))))*(1.0016+0.0000315*AO13-0.074/AO13))/100 -> 5.9378114 | AS13: =0.623*Const!$B$10*Const!$B$8*POWER(Const!$B$9,2)*AJ13*(AR13-Const!$B$12)/1013/(LN(Const!$B$32/Const!$B$34)*LN(Const!$B$32/Const!$B$36)) -> -1.4055606 | AT13: =IF(F13=1,AM13*AS13) -> FALSE | AU13: =IF(F13=1,AQ13+AT13) -> FALSE | AV13: =VLOOKUP(C13,AWS1_30min!$C$4:$P$2747,14) -> 0 | AW13: =IF(AG13>=2,AV13/1000/1800) -> 0 | AX13: =IF(F13=1,AW13*Const!$B$13*Const!$B$14*(AH13-Const!$B$4)) -> FALSE | AY13: =IF(F13=1,-Const!$B$15*(Const!$B$4-Const!$B$31)/2) -> FALSE | AZ13: =IF(F13=1,AB13+AE13+AQ13+AT13+AY13+AX13) -> FALSE | BA13: =IF(V13=1,Const!$B$37,Const!$B$38) -> 602 | BB13: =IF(F13=1,AZ13/Const!$B$17*1800/BA13*1000) -> FALSE
A14: =A13 -> 43653 | B14: =B13 -> 0.5 | C14: =C13 -> 43653.5 | D14: =D13 -> 188 | E14: 11 | F14: 0 | G14: 0 | H14: 0 | J14: 525375 | K14: 6301125 | L14: 2693 | M14: 12.313 | N14: 150.662 | O14: 845.792 | P14: =VLOOKUP(C14,AWS2_30min!$C$3:$G$2935,5) -> 955.8 | Q14: =INDEX($O$4:$O$423,MATCH(1,$H$4:$H$423,0)) -> 856.334 | R14: =P14/Q14 -> 1.1161533 | S14: =IF(F14=1,R14*O14) -> FALSE | T14: =VLOOKUP(A14,Albedo!$A$2:$F$63,6) -> 0 | U14: =Const!$B$26*D14+Const!$B$27 -> 2402.4844 | V14: =IF(T14=1,1,IF(L14>=U14,1,0)) -> 1 | W14: =VLOOKUP(A14,Albedo!$A$2:$G$63,5)+Const!$B$20*(L14-Const!$B$29) -> 16.459 | X14: =VLOOKUP(A14,Albedo!$A$2:$G$63,7) -> 3 | Y14: =IF(T14=1,W14,VLOOKUP(A14,Albedo!$A$2:$H$63,8)+(X14+1)*Const!$B$20*(L14-Const!$B$29)) -> 31.568 | Z14: =Const!$B$22*V14+Const!$B$23*W14+Const!$B$24*Y14+Const!$B$25 -> 0.57471026 | AA14: =IF(F14=1,S14*Z14) -> FALSE | AB14: =IF(F14=1,S14-AA14) -> FALSE | AC14: =IF(F14=1,VLOOKUP(C14,AWS1_30min!$C$3:$J$2747,8)) -> FALSE | AD14: =IF(F14=1,Const!$B$5*POWER((0+Const!$B$4),4)) -> FALSE | AE14: =IF(F14=1,AC14-AD14) -> FALSE | AF14: =IF(F14=1,AB14+AE14) -> FALSE | AG14: =VLOOKUP(C14,AWS2_30min!$C$3:$J$2935,8)+Const!$B$20*(L14-Const!$B$29) -> 16.459 | AH14: =AG14+273.15 -> 289.609 | AI14: =VLOOKUP(C14,AWS2_30min!$C$3:$K$2935,9) -> 30.97 | AJ14: =VLOOKUP(C14,AWS2_30min!$C$3:$L$2935,10) -> 1.9076345 | AK14: =IF(AJ14>0.5,Const!$B$6*(AH14-Const!$B$4)*(Const!$B$32-Const!$B$34)/(AH14*POWER(AJ14,2))) -> 0.30631451 | AL14: =IF(AK14<Const!$B$33,AK14,"ЛОЖЬ") -> 0.30631451 | AM14: =IF(AND(ISNUMBER(AL14),AL14>0),POWER((1-5*AL14),2),IF(ISNUMBER(AL14),POWER((1-16*AL14),0.75))) -> 0.28256937 | AN14: =(AG14+VLOOKUP(C14,AWS1_30min!$C$4:$L$2747,10))/2 -> 15.621 | AO14: =VLOOKUP(C14,AWS1_30min!$C$4:$O$2747,13)/POWER(10,(L14-Const!$B$28)/18400*(1+0.003665*AN14)) -> 734.9126 | AP14: =Const!$B$7*Const!$B$8*(AO14/Const!$B$11)*POWER(Const!$B$9,2)*AJ14*(AH14-Const!$B$4)/(LN(Const!$B$32/Const!$B$34)*LN(Const!$B$32/Const!$B$35)) -> 62.687728 | AQ14: =IF(F14=1,AM14*AP14) -> FALSE | AR14: =AI14*((6.112*EXP(((17.62*AG14)/(243.12+AG14))))*(1.0016+0.0000315*AO14-0.074/AO14))/100 -> 5.9279345 | AS14: =0.623*Const!$B$10*Const!$B$8*POWER(Const!$B$9,2)*AJ14*(AR14-Const!$B$12)/1013/(LN(Const!$B$32/Const!$B$34)*LN(Const!$B$32/Const!$B$36)) -> -1.486185 | AT14: =IF(F14=1,AM14*AS14) -> FALSE | AU14: =IF(F14=1,AQ14+AT14) -> FALSE | AV14: =VLOOKUP(C14,AWS1_30min!$C$4:$P$2747,14) -> 0 | AW14: =IF(AG14>=2,AV14/1000/1800) -> 0 | AX14: =IF(F14=1,AW14*Const!$B$13*Const!$B$14*(AH14-Const!$B$4)) -> FALSE | AY14: =IF(F14=1,-Const!$B$15*(Const!$B$4-Const!$B$31)/2) -> FALSE | AZ14: =IF(F14=1,AB14+AE14+AQ14+AT14+AY14+AX14) -> FALSE | BA14: =IF(V14=1,Const!$B$37,Const!$B$38) -> 602 | BB14: =IF(F14=1,AZ14/Const!$B$17*1800/BA14*1000) -> FALSE
A15: =A14 -> 43653 | B15: =B14 -> 0.5 | C15: =C14 -> 43653.5 | D15: =D14 -> 188 | E15: 12 | F15: 0 | G15: 0 | H15: 0 | J15: 525465 | K15: 6301125 | L15: 2665 | M15: 14.7459 | N15: 135 | O15: 791.011 | P15: =VLOOKUP(C15,AWS2_30min!$C$3:$G$2935,5) -> 955.8 | Q15: =INDEX($O$4:$O$423,MATCH(1,$H$4:$H$423,0)) -> 856.334 | R15: =P15/Q15 -> 1.1161533 | S15: =IF(F15=1,R15*O15) -> FALSE | T15: =VLOOKUP(A15,Albedo!$A$2:$F$63,6) -> 0 | U15: =Const!$B$26*D15+Const!$B$27 -> 2402.4844 | V15: =IF(T15=1,1,IF(L15>=U15,1,0)) -> 1 | W15: =VLOOKUP(A15,Albedo!$A$2:$G$63,5)+Const!$B$20*(L15-Const!$B$29) -> 16.641 | X15: =VLOOKUP(A15,Albedo!$A$2:$G$63,7) -> 3 | Y15: =IF(T15=1,W15,VLOOKUP(A15,Albedo!$A$2:$H$63,8)+(X15+1)*Const!$B$20*(L15-Const!$B$29)) -> 32.296 | Z15: =Const!$B$22*V15+Const!$B$23*W15+Const!$B$24*Y15+Const!$B$25 -> 0.57542006 | AA15: =IF(F15=1,S15*Z15) -> FALSE | AB15: =IF(F15=1,S15-AA15) -> FALSE | AC15: =IF(F15=1,VLOOKUP(C15,AWS1_30min!$C$3:$J$2747,8)) -> FALSE | AD15: =IF(F15=1,Const!$B$5*POWER((0+Const!$B$4),4)) -> FALSE | AE15: =IF(F15=1,AC15-AD15) -> FALSE | AF15: =IF(F15=1,AB15+AE15) -> FALSE | AG15: =VLOOKUP(C15,AWS2_30min!$C$3:$J$2935,8)+Const!$B$20*(L15-Const!$B$29) -> 16.641 | AH15: =AG15+273.15 -> 289.791 | AI15: =VLOOKUP(C15,AWS2_30min!$C$3:$K$2935,9) -> 30.97 | AJ15: =VLOOKUP(C15,AWS2_30min!$C$3:$L$2935,10) -> 1.9076345 | AK15: =IF(AJ15>0.5,Const!$B$6*(AH15-Const!$B$4)*(Const!$B$32-Const!$B$34)/(AH15*POWER(AJ15,2))) -> 0.30950716 | AL15: =IF(AK15<Const!$B$33,AK15,"ЛОЖЬ") -> 0.30950716 | AM15: =IF(AND(ISNUMBER(AL15),AL15>0),POWER((1-5*AL15),2),IF(ISNUMBER(AL15),POWER((1-16*AL15),0.75))) -> 0.29979547 | AN15: =(AG15+VLOOKUP(C15,AWS1_30min!$C$4:$L$2747,10))/2 -> 15.712 | AO15: =VLOOKUP(C15,AWS1_30min!$C$4:$O$2747,13)/POWER(10,(L15-Const!$B$28)/18400*(1+0.003665*AN15)) -> 737.63598 | AP15: =Const!$B$7*Const!$B$8*(AO15/Const!$B$11)*POWER(Const!$B$9,2)*AJ15*(AH15-Const!$B$4)/(LN(Const!$B$32/Const!$B$34)*LN(Const!$B$32/Const!$B$35)) -> 63.615786 | AQ15: =IF(F15=1,AM15*AP15) -> FALSE | AR15: =AI15*((6.112*EXP(((17.62*AG15)/(243.12+AG15))))*(1.0016+0.0000315*AO15-0.074/AO15))/100 -> 5.9973787 | AS15: =0.623*Const!$B$10*Const!$B$8*POWER(Const!$B$9,2)*AJ15*(AR15-Const!$B$12)/1013/(LN(Const!$B$32/Const!$B$34)*LN(Const!$B$32/Const!$B$36)) -> -0.91931785 | AT15: =IF(F15=1,AM15*AS15) -> FALSE | AU15: =IF(F15=1,AQ15+AT15) -> FALSE | AV15: =VLOOKUP(C15,AWS1_30min!$C$4:$P$2747,14) -> 0 | AW15: =IF(AG15>=2,AV15/1000/1800) -> 0 | AX15: =IF(F15=1,AW15*Const!$B$13*Const!$B$14*(AH15-Const!$B$4)) -> FALSE | AY15: =IF(F15=1,-Const!$B$15*(Const!$B$4-Const!$B$31)/2) -> FALSE | AZ15: =IF(F15=1,AB15+AE15+AQ15+AT15+AY15+AX15) -> FALSE | BA15: =IF(V15=1,Const!$B$37,Const!$B$38) -> 602 | BB15: =IF(F15=1,AZ15/Const!$B$17*1800/BA15*1000) -> FALSE
A16: =A15 -> 43653 | B16: =B15 -> 0.5 | C16: =C15 -> 43653.5 | D16: =D15 -> 188 | E16: 13 | F16: 0 | G16: 0 | H16: 0 | J16: 525555 | K16: 6301125 | L16: 2665 | M16: 17.2192 | N16: 104.534 | O16: 716.172 | P16: =VLOOKUP(C16,AWS2_30min!$C$3:$G$2935,5) -> 955.8 | Q16: =INDEX($O$4:$O$423,MATCH(1,$H$4:$H$423,0)) -> 856.334 | R16: =P16/Q16 -> 1.1161533 | S16: =IF(F16=1,R16*O16) -> FALSE | T16: =VLOOKUP(A16,Albedo!$A$2:$F$63,6) -> 0 | U16: =Const!$B$26*D16+Const!$B$27 -> 2402.4844 | V16: =IF(T16=1,1,IF(L16>=U16,1,0)) -> 1 | W16: =VLOOKUP(A16,Albedo!$A$2:$G$63,5)+Const!$B$20*(L16-Const!$B$29) -> 16.641 | X16: =VLOOKUP(A16,Albedo!$A$2:$G$63,7) -> 3 | Y16: =IF(T16=1,W16,VLOOKUP(A16,Albedo!$A$2:$H$63,8)+(X16+1)*Const!$B$20*(L16-Const!$B$29)) -> 32.296 | Z16: =Const!$B$22*V16+Const!$B$23*W16+Const!$B$24*Y16+Const!$B$25 -> 0.57542006 | AA16: =IF(F16=1,S16*Z16) -> FALSE | AB16: =IF(F16=1,S16-AA16) -> FALSE | AC16: =IF(F16=1,VLOOKUP(C16,AWS1_30min!$C$3:$J$2747,8)) -> FALSE | AD16: =IF(F16=1,Const!$B$5*POWER((0+Const!$B$4),4)) -> FALSE | AE16: =IF(F16=1,AC16-AD16) -> FALSE | AF16: =IF(F16=1,AB16+AE16) -> FALSE | AG16: =VLOOKUP(C16,AWS2_30min!$C$3:$J$2935,8)+Const!$B$20*(L16-Const!$B$29) -> 16.641 | AH16: =AG16+273.15 -> 289.791 | AI16: =VLOOKUP(C16,AWS2_30min!$C$3:$K$2935,9) -> 30.97 | AJ16: =VLOOKUP(C16,AWS2_30min!$C$3:$L$2935,10) -> 1.9076345 | AK16: =IF(AJ16>0.5,Const!$B$6*(AH16-Const!$B$4)*(Const!$B$32-Const!$B$34)/(AH16*POWER(AJ16,2))) -> 0.30950716 | AL16: =IF(AK16<Const!$B$33,AK16,"ЛОЖЬ") -> 0.30950716 | AM16: =IF(AND(ISNUMBER(AL16),AL16>0),POWER((1-5*AL16),2),IF(ISNUMBER(AL16),POWER((1-16*AL16),0.75))) -> 0.29979547 | AN16: =(AG16+VLOOKUP(C16,AWS1_30min!$C$4:$L$2747,10))/2 -> 15.712 | AO16: =VLOOKUP(C16,AWS1_30min!$C$4:$O$2747,13)/POWER(10,(L16-Const!$B$28)/18400*(1+0.003665*AN16)) -> 737.63598 | AP16: =Const!$B$7*Const!$B$8*(AO16/Const!$B$11)*POWER(Const!$B$9,2)*AJ16*(AH16-Const!$B$4)/(LN(Const!$B$32/Const!$B$34)*LN(Const!$B$32/Const!$B$35)) -> 63.615786 | AQ16: =IF(F16=1,AM16*AP16) -> FALSE | AR16: =AI16*((6.112*EXP(((17.62*AG16)/(243.12+AG16))))*(1.0016+0.0000315*AO16-0.074/AO16))/100 -> 5.9973787 | AS16: =0.623*Const!$B$10*Const!$B$8*POWER(Const!$B$9,2)*AJ16*(AR16-Const!$B$12)/1013/(LN(Const!$B$32/Const!$B$34)*LN(Const!$B$32/Const!$B$36)) -> -0.91931785 | AT16: =IF(F16=1,AM16*AS16) -> FALSE | AU16: =IF(F16=1,AQ16+AT16) -> FALSE | AV16: =VLOOKUP(C16,AWS1_30min!$C$4:$P$2747,14) -> 0 | AW16: =IF(AG16>=2,AV16/1000/1800) -> 0 | AX16: =IF(F16=1,AW16*Const!$B$13*Const!$B$14*(AH16-Const!$B$4)) -> FALSE | AY16: =IF(F16=1,-Const!$B$15*(Const!$B$4-Const!$B$31)/2) -> FALSE | AZ16: =IF(F16=1,AB16+AE16+AQ16+AT16+AY16+AX16) -> FALSE | BA16: =IF(V16=1,Const!$B$37,Const!$B$38) -> 602 | BB16: =IF(F16=1,AZ16/Const!$B$17*1800/BA16*1000) -> FALSE
... A98: =A97 -> 43653 | B98: =B97 -> 0.5 | C98: =C97 -> 43653.5 | D98: =D97 -> 188 | E98: 95 | F98: 1 | G98: 0 | H98: 0 | J98: 525375 | K98: 6300765 | L98: 2556 | M98: 23.9019 | N98: 164.178 | O98: 789.786 | P98: =VLOOKUP(C98,AWS2_30min!$C$3:$G$2935,5) -> 955.8 | Q98: =INDEX($O$4:$O$423,MATCH(1,$H$4:$H$423,0)) -> 856.334 | R98: =P98/Q98 -> 1.1161533 | S98: =IF(F98=1,R98*O98) -> 881.52223 | T98: =VLOOKUP(A98,Albedo!$A$2:$F$63,6) -> 0 | U98: =Const!$B$26*D98+Const!$B$27 -> 2402.4844 | V98: =IF(T98=1,1,IF(L98>=U98,1,0)) -> 1 | W98: =VLOOKUP(A98,Albedo!$A$2:$G$63,5)+Const!$B$20*(L98-Const!$B$29) -> 17.3495 | X98: =VLOOKUP(A98,Albedo!$A$2:$G$63,7) -> 3 | Y98: =IF(T98=1,W98,VLOOKUP(A98,Albedo!$A$2:$H$63,8)+(X98+1)*Const!$B$20*(L98-Const!$B$29)) -> 35.13 | Z98: =Const!$B$22*V98+Const!$B$23*W98+Const!$B$24*Y98+Const!$B$25 -> 0.57818321 | AA98: =IF(F98=1,S98*Z98) -> 509.68135 | AB98: =IF(F98=1,S98-AA98) -> 371.84088 | AC98: =IF(F98=1,VLOOKUP(C98,AWS1_30min!$C$3:$J$2747,8)) -> 319.54647 | AD98: =IF(F98=1,Const!$B$5*POWER((0+Const!$B$4),4)) -> 315.63698 | AE98: =IF(F98=1,AC98-AD98) -> 3.9094925 | AF98: =IF(F98=1,AB98+AE98) -> 375.75037 | AG98: =VLOOKUP(C98,AWS2_30min!$C$3:$J$2935,8)+Const!$B$20*(L98-Const!$B$29) -> 17.3495 | AH98: =AG98+273.15 -> 290.4995 | AI98: =VLOOKUP(C98,AWS2_30min!$C$3:$K$2935,9) -> 30.97 | AJ98: =VLOOKUP(C98,AWS2_30min!$C$3:$L$2935,10) -> 1.9076345 | AK98: =IF(AJ98>0.5,Const!$B$6*(AH98-Const!$B$4)*(Const!$B$32-Const!$B$34)/(AH98*POWER(AJ98,2))) -> 0.32189761 | AL98: =IF(AK98<Const!$B$33,AK98,"ЛОЖЬ") -> 0.32189761 | AM98: =IF(AND(ISNUMBER(AL98),AL98>0),POWER((1-5*AL98),2),IF(ISNUMBER(AL98),POWER((1-16*AL98),0.75))) -> 0.37147568 | AN98: =(AG98+VLOOKUP(C98,AWS1_30min!$C$4:$L$2747,10))/2 -> 16.06625 | AO98: =VLOOKUP(C98,AWS1_30min!$C$4:$O$2747,13)/POWER(10,(L98-Const!$B$28)/18400*(1+0.003665*AN98)) -> 748.3508 | AP98: =Const!$B$7*Const!$B$8*(AO98/Const!$B$11)*POWER(Const!$B$9,2)*AJ98*(AH98-Const!$B$4)/(LN(Const!$B$32/Const!$B$34)*LN(Const!$B$32/Const!$B$35)) -> 67.287683 | AQ98: =IF(F98=1,AM98*AP98) -> 24.995738 | AR98: =AI98*((6.112*EXP(((17.62*AG98)/(243.12+AG98))))*(1.0016+0.0000315*AO98-0.074/AO98))/100 -> 6.2746065 | AS98: =0.623*Const!$B$10*Const!$B$8*POWER(Const!$B$9,2)*AJ98*(AR98-Const!$B$12)/1013/(LN(Const!$B$32/Const!$B$34)*LN(Const!$B$32/Const!$B$36)) -> 1.3436684 | AT98: =IF(F98=1,AM98*AS98) -> 0.49914014 | AU98: =IF(F98=1,AQ98+AT98) -> 25.494878 | AV98: =VLOOKUP(C98,AWS1_30min!$C$4:$P$2747,14) -> 0 | AW98: =IF(AG98>=2,AV98/1000/1800) -> 0 | AX98: =IF(F98=1,AW98*Const!$B$13*Const!$B$14*(AH98-Const!$B$4)) -> 0 | AY98: =IF(F98=1,-Const!$B$15*(Const!$B$4-Const!$B$31)/2) -> -0.34 | AZ98: =IF(F98=1,AB98+AE98+AQ98+AT98+AY98+AX98) -> 400.90525 | BA98: =IF(V98=1,Const!$B$37,Const!$B$38) -> 602 | BB98: =IF(F98=1,AZ98/Const!$B$17*1800/BA98*1000) -> 3.6324849
A99: =A98 -> 43653 | B99: =B98 -> 0.5 | C99: =C98 -> 43653.5 | D99: =D98 -> 188 | E99: 96 | F99: 1 | G99: 0 | H99: 1 | I99: AWS-glacier | J99: 525465 | K99: 6300765 | L99: 2549 | M99: 16.7939 | N99: 168.587 | O99: 856.334 | P99: =VLOOKUP(C99,AWS2_30min!$C$3:$G$2935,5) -> 955.8 | Q99: =INDEX($O$4:$O$423,MATCH(1,$H$4:$H$423,0)) -> 856.334 | R99: =P99/Q99 -> 1.1161533 | S99: =IF(F99=1,R99*O99) -> 955.8 | T99: =VLOOKUP(A99,Albedo!$A$2:$F$63,6) -> 0 | U99: =Const!$B$26*D99+Const!$B$27 -> 2402.4844 | V99: =IF(T99=1,1,IF(L99>=U99,1,0)) -> 1 | W99: =VLOOKUP(A99,Albedo!$A$2:$G$63,5)+Const!$B$20*(L99-Const!$B$29) -> 17.395 | X99: =VLOOKUP(A99,Albedo!$A$2:$G$63,7) -> 3 | Y99: =IF(T99=1,W99,VLOOKUP(A99,Albedo!$A$2:$H$63,8)+(X99+1)*Const!$B$20*(L99-Const!$B$29)) -> 35.312 | Z99: =Const!$B$22*V99+Const!$B$23*W99+Const!$B$24*Y99+Const!$B$25 -> 0.57836066 | AA99: =IF(F99=1,S99*Z99) -> 552.79712 | AB99: =IF(F99=1,S99-AA99) -> 403.00288 | AC99: =IF(F99=1,VLOOKUP(C99,AWS1_30min!$C$3:$J$2747,8)) -> 319.54647 | AD99: =IF(F99=1,Const!$B$5*POWER((0+Const!$B$4),4)) -> 315.63698 | AE99: =IF(F99=1,AC99-AD99) -> 3.9094925 | AF99: =IF(F99=1,AB99+AE99) -> 406.91237 | AG99: =VLOOKUP(C99,AWS2_30min!$C$3:$J$2935,8)+Const!$B$20*(L99-Const!$B$29) -> 17.395 | AH99: =AG99+273.15 -> 290.545 | AI99: =VLOOKUP(C99,AWS2_30min!$C$3:$K$2935,9) -> 30.97 | AJ99: =VLOOKUP(C99,AWS2_30min!$C$3:$L$2935,10) -> 1.9076345 | AK99: =IF(AJ99>0.5,Const!$B$6*(AH99-Const!$B$4)*(Const!$B$32-Const!$B$34)/(AH99*POWER(AJ99,2))) -> 0.32269126 | AL99: =IF(AK99<Const!$B$33,AK99,"ЛОЖЬ") -> 0.32269126 | AM99: =IF(AND(ISNUMBER(AL99),AL99>0),POWER((1-5*AL99),2),IF(ISNUMBER(AL99),POWER((1-16*AL99),0.75))) -> 0.37632864 | AN99: =(AG99+VLOOKUP(C99,AWS1_30min!$C$4:$L$2747,10))/2 -> 16.089 | AO99: =VLOOKUP(C99,AWS1_30min!$C$4:$O$2747,13)/POWER(10,(L99-Const!$B$28)/18400*(1+0.003665*AN99)) -> 749.0451 | AP99: =Const!$B$7*Const!$B$8*(AO99/Const!$B$11)*POWER(Const!$B$9,2)*AJ99*(AH99-Const!$B$4)/(LN(Const!$B$32/Const!$B$34)*LN(Const!$B$32/Const!$B$35)) -> 67.526741 | AQ99: =IF(F99=1,AM99*AP99) -> 25.412247 | AR99: =AI99*((6.112*EXP(((17.62*AG99)/(243.12+AG99))))*(1.0016+0.0000315*AO99-0.074/AO99))/100 -> 6.2927905 | AS99: =0.623*Const!$B$10*Const!$B$8*POWER(Const!$B$9,2)*AJ99*(AR99-Const!$B$12)/1013/(LN(Const!$B$32/Const!$B$34)*LN(Const!$B$32/Const!$B$36)) -> 1.4921033 | AT99: =IF(F99=1,AM99*AS99) -> 0.56152121 | AU99: =IF(F99=1,AQ99+AT99) -> 25.973768 | AV99: =VLOOKUP(C99,AWS1_30min!$C$4:$P$2747,14) -> 0 | AW99: =IF(AG99>=2,AV99/1000/1800) -> 0 | AX99: =IF(F99=1,AW99*Const!$B$13*Const!$B$14*(AH99-Const!$B$4)) -> 0 | AY99: =IF(F99=1,-Const!$B$15*(Const!$B$4-Const!$B$31)/2) -> -0.34 | AZ99: =IF(F99=1,AB99+AE99+AQ99+AT99+AY99+AX99) -> 432.54614 | BA99: =IF(V99=1,Const!$B$37,Const!$B$38) -> 602 | BB99: =IF(F99=1,AZ99/Const!$B$17*1800/BA99*1000) -> 3.9191737
A100: =A99 -> 43653 | B100: =B99 -> 0.5 | C100: =C99 -> 43653.5 | D100: =D99 -> 188 | E100: 97 | F100: 1 | G100: 0 | H100: 0 | J100: 525555 | K100: 6300765 | L100: 2549 | M100: 15.1417 | N100: 148.431 | O100: 813.89 | P100: =VLOOKUP(C100,AWS2_30min!$C$3:$G$2935,5) -> 955.8 | Q100: =INDEX($O$4:$O$423,MATCH(1,$H$4:$H$423,0)) -> 856.334 | R100: =P100/Q100 -> 1.1161533 | S100: =IF(F100=1,R100*O100) -> 908.42599 | T100: =VLOOKUP(A100,Albedo!$A$2:$F$63,6) -> 0 | U100: =Const!$B$26*D100+Const!$B$27 -> 2402.4844 | V100: =IF(T100=1,1,IF(L100>=U100,1,0)) -> 1 | W100: =VLOOKUP(A100,Albedo!$A$2:$G$63,5)+Const!$B$20*(L100-Const!$B$29) -> 17.395 | X100: =VLOOKUP(A100,Albedo!$A$2:$G$63,7) -> 3 | Y100: =IF(T100=1,W100,VLOOKUP(A100,Albedo!$A$2:$H$63,8)+(X100+1)*Const!$B$20*(L100-Const!$B$29)) -> 35.312 | Z100: =Const!$B$22*V100+Const!$B$23*W100+Const!$B$24*Y100+Const!$B$25 -> 0.57836066 | AA100: =IF(F100=1,S100*Z100) -> 525.39786 | AB100: =IF(F100=1,S100-AA100) -> 383.02813 | AC100: =IF(F100=1,VLOOKUP(C100,AWS1_30min!$C$3:$J$2747,8)) -> 319.54647 | AD100: =IF(F100=1,Const!$B$5*POWER((0+Const!$B$4),4)) -> 315.63698 | AE100: =IF(F100=1,AC100-AD100) -> 3.9094925 | AF100: =IF(F100=1,AB100+AE100) -> 386.93763 | AG100: =VLOOKUP(C100,AWS2_30min!$C$3:$J$2935,8)+Const!$B$20*(L100-Const!$B$29) -> 17.395 | AH100: =AG100+273.15 -> 290.545 | AI100: =VLOOKUP(C100,AWS2_30min!$C$3:$K$2935,9) -> 30.97 | AJ100: =VLOOKUP(C100,AWS2_30min!$C$3:$L$2935,10) -> 1.9076345 | AK100: =IF(AJ100>0.5,Const!$B$6*(AH100-Const!$B$4)*(Const!$B$32-Const!$B$34)/(AH100*POWER(AJ100,2))) -> 0.32269126 | AL100: =IF(AK100<Const!$B$33,AK100,"ЛОЖЬ") -> 0.32269126 | AM100: =IF(AND(ISNUMBER(AL100),AL100>0),POWER((1-5*AL100),2),IF(ISNUMBER(AL100),POWER((1-16*AL100),0.75))) -> 0.37632864 | AN100: =(AG100+VLOOKUP(C100,AWS1_30min!$C$4:$L$2747,10))/2 -> 16.089 | AO100: =VLOOKUP(C100,AWS1_30min!$C$4:$O$2747,13)/POWER(10,(L100-Const!$B$28)/18400*(1+0.003665*AN100)) -> 749.0451 | AP100: =Const!$B$7*Const!$B$8*(AO100/Const!$B$11)*POWER(Const!$B$9,2)*AJ100*(AH100-Const!$B$4)/(LN(Const!$B$32/Const!$B$34)*LN(Const!$B$32/Const!$B$35)) -> 67.526741 | AQ100: =IF(F100=1,AM100*AP100) -> 25.412247 | AR100: =AI100*((6.112*EXP(((17.62*AG100)/(243.12+AG100))))*(1.0016+0.0000315*AO100-0.074/AO100))/100 -> 6.2927905 | AS100: =0.623*Const!$B$10*Const!$B$8*POWER(Const!$B$9,2)*AJ100*(AR100-Const!$B$12)/1013/(LN(Const!$B$32/Const!$B$34)*LN(Const!$B$32/Const!$B$36)) -> 1.4921033 | AT100: =IF(F100=1,AM100*AS100) -> 0.56152121 | AU100: =IF(F100=1,AQ100+AT100) -> 25.973768 | AV100: =VLOOKUP(C100,AWS1_30min!$C$4:$P$2747,14) -> 0 | AW100: =IF(AG100>=2,AV100/1000/1800) -> 0 | AX100: =IF(F100=1,AW100*Const!$B$13*Const!$B$14*(AH100-Const!$B$4)) -> 0 | AY100: =IF(F100=1,-Const!$B$15*(Const!$B$4-Const!$B$31)/2) -> -0.34 | AZ100: =IF(F100=1,AB100+AE100+AQ100+AT100+AY100+AX100) -> 412.5714 | BA100: =IF(V100=1,Const!$B$37,Const!$B$38) -> 602 | BB100: =IF(F100=1,AZ100/Const!$B$17*1800/BA100*1000) -> 3.7381884
A101: =A100 -> 43653 | B101: =B100 -> 0.5 | C101: =C100 -> 43653.5 | D101: =D100 -> 188 | E101: 98 | F101: 1 | G101: 0 | H101: 0 | J101: 525645 | K101: 6300765 | L101: 2524 | M101: 18.5834 | N101: 128.29 | O101: 730.322 | P101: =VLOOKUP(C101,AWS2_30min!$C$3:$G$2935,5) -> 955.8 | Q101: =INDEX($O$4:$O$423,MATCH(1,$H$4:$H$423,0)) -> 856.334 | R101: =P101/Q101 -> 1.1161533 | S101: =IF(F101=1,R101*O101) -> 815.15129 | T101: =VLOOKUP(A101,Albedo!$A$2:$F$63,6) -> 0 | U101: =Const!$B$26*D101+Const!$B$27 -> 2402.4844 | V101: =IF(T101=1,1,IF(L101>=U101,1,0)) -> 1 | W101: =VLOOKUP(A101,Albedo!$A$2:$G$63,5)+Const!$B$20*(L101-Const!$B$29) -> 17.5575 | X101: =VLOOKUP(A101,Albedo!$A$2:$G$63,7) -> 3 | Y101: =IF(T101=1,W101,VLOOKUP(A101,Albedo!$A$2:$H$63,8)+(X101+1)*Const!$B$20*(L101-Const!$B$29)) -> 35.962 | Z101: =Const!$B$22*V101+Const!$B$23*W101+Const!$B$24*Y101+Const!$B$25 -> 0.57899441 | AA101: =IF(F101=1,S101*Z101) -> 471.96804 | AB101: =IF(F101=1,S101-AA101) -> 343.18325 | AC101: =IF(F101=1,VLOOKUP(C101,AWS1_30min!$C$3:$J$2747,8)) -> 319.54647 | AD101: =IF(F101=1,Const!$B$5*POWER((0+Const!$B$4),4)) -> 315.63698 | AE101: =IF(F101=1,AC101-AD101) -> 3.9094925 | AF101: =IF(F101=1,AB101+AE101) -> 347.09274 | AG101: =VLOOKUP(C101,AWS2_30min!$C$3:$J$2935,8)+Const!$B$20*(L101-Const!$B$29) -> 17.5575 | AH101: =AG101+273.15 -> 290.7075 | AI101: =VLOOKUP(C101,AWS2_30min!$C$3:$K$2935,9) -> 30.97 | AJ101: =VLOOKUP(C101,AWS2_30min!$C$3:$L$2935,10) -> 1.9076345 | AK101: =IF(AJ101>0.5,Const!$B$6*(AH101-Const!$B$4)*(Const!$B$32-Const!$B$34)/(AH101*POWER(AJ101,2))) -> 0.3255237 | AL101: =IF(AK101<Const!$B$33,AK101,"ЛОЖЬ") -> 0.3255237 | AM101: =IF(AND(ISNUMBER(AL101),AL101>0),POWER((1-5*AL101),2),IF(ISNUMBER(AL101),POWER((1-16*AL101),0.75))) -> 0.39390501 | AN101: =(AG101+VLOOKUP(C101,AWS1_30min!$C$4:$L$2747,10))/2 -> 16.17025 | AO101: =VLOOKUP(C101,AWS1_30min!$C$4:$O$2747,13)/POWER(10,(L101-Const!$B$28)/18400*(1+0.003665*AN101)) -> 751.53094 | AP101: =Const!$B$7*Const!$B$8*(AO101/Const!$B$11)*POWER(Const!$B$9,2)*AJ101*(AH101-Const!$B$4)/(LN(Const!$B$32/Const!$B$34)*LN(Const!$B$32/Const!$B$35)) -> 68.383753 | AQ101: =IF(F101=1,AM101*AP101) -> 26.936703 | AR101: =AI101*((6.112*EXP(((17.62*AG101)/(243.12+AG101))))*(1.0016+0.0000315*AO101-0.074/AO101))/100 -> 6.358114 | AS101: =0.623*Const!$B$10*Const!$B$8*POWER(Const!$B$9,2)*AJ101*(AR101-Const!$B$12)/1013/(LN(Const!$B$32/Const!$B$34)*LN(Const!$B$32/Const!$B$36)) -> 2.0253329 | AT101: =IF(F101=1,AM101*AS101) -> 0.79778879 | AU101: =IF(F101=1,AQ101+AT101) -> 27.734491 | AV101: =VLOOKUP(C101,AWS1_30min!$C$4:$P$2747,14) -> 0 | AW101: =IF(AG101>=2,AV101/1000/1800) -> 0 | AX101: =IF(F101=1,AW101*Const!$B$13*Const!$B$14*(AH101-Const!$B$4)) -> 0 | AY101: =IF(F101=1,-Const!$B$15*(Const!$B$4-Const!$B$31)/2) -> -0.34 | AZ101: =IF(F101=1,AB101+AE101+AQ101+AT101+AY101+AX101) -> 374.48724 | BA101: =IF(V101=1,Const!$B$37,Const!$B$38) -> 602 | BB101: =IF(F101=1,AZ101/Const!$B$17*1800/BA101*1000) -> 3.393119
A102: =A101 -> 43653 | B102: =B101 -> 0.5 | C102: =C101 -> 43653.5 | D102: =D101 -> 188 | E102: 99 | F102: 1 | G102: 0 | H102: 0 | J102: 525735 | K102: 6300765 | L102: 2502 | M102: 14.2311 | N102: 151.189 | O102: 827.292 | P102: =VLOOKUP(C102,AWS2_30min!$C$3:$G$2935,5) -> 955.8 | Q102: =INDEX($O$4:$O$423,MATCH(1,$H$4:$H$423,0)) -> 856.334 | R102: =P102/Q102 -> 1.1161533 | S102: =IF(F102=1,R102*O102) -> 923.38468 | T102: =VLOOKUP(A102,Albedo!$A$2:$F$63,6) -> 0 | U102: =Const!$B$26*D102+Const!$B$27 -> 2402.4844 | V102: =IF(T102=1,1,IF(L102>=U102,1,0)) -> 1 | W102: =VLOOKUP(A102,Albedo!$A$2:$G$63,5)+Const!$B$20*(L102-Const!$B$29) -> 17.7005 | X102: =VLOOKUP(A102,Albedo!$A$2:$G$63,7) -> 3 | Y102: =IF(T102=1,W102,VLOOKUP(A102,Albedo!$A$2:$H$63,8)+(X102+1)*Const!$B$20*(L102-Const!$B$29)) -> 36.534 | Z102: =Const!$B$22*V102+Const!$B$23*W102+Const!$B$24*Y102+Const!$B$25 -> 0.57955211 | AA102: =IF(F102=1,S102*Z102) -> 535.14954 | AB102: =IF(F102=1,S102-AA102) -> 388.23514 | AC102: =IF(F102=1,VLOOKUP(C102,AWS1_30min!$C$3:$J$2747,8)) -> 319.54647 | AD102: =IF(F102=1,Const!$B$5*POWER((0+Const!$B$4),4)) -> 315.63698 | AE102: =IF(F102=1,AC102-AD102) -> 3.9094925 | AF102: =IF(F102=1,AB102+AE102) -> 392.14463 | AG102: =VLOOKUP(C102,AWS2_30min!$C$3:$J$2935,8)+Const!$B$20*(L102-Const!$B$29) -> 17.7005 | AH102: =AG102+273.15 -> 290.8505 | AI102: =VLOOKUP(C102,AWS2_30min!$C$3:$K$2935,9) -> 30.97 | AJ102: =VLOOKUP(C102,AWS2_30min!$C$3:$L$2935,10) -> 1.9076345 | AK102: =IF(AJ102>0.5,Const!$B$6*(AH102-Const!$B$4)*(Const!$B$32-Const!$B$34)/(AH102*POWER(AJ102,2))) -> 0.32801364 | AL102: =IF(AK102<Const!$B$33,AK102,"ЛОЖЬ") -> 0.32801364 | AM102: =IF(AND(ISNUMBER(AL102),AL102>0),POWER((1-5*AL102),2),IF(ISNUMBER(AL102),POWER((1-16*AL102),0.75))) -> 0.40968727 | AN102: =(AG102+VLOOKUP(C102,AWS1_30min!$C$4:$L$2747,10))/2 -> 16.24175 | AO102: =VLOOKUP(C102,AWS1_30min!$C$4:$O$2747,13)/POWER(10,(L102-Const!$B$28)/18400*(1+0.003665*AN102)) -> 753.72646 | AP102: =Const!$B$7*Const!$B$8*(AO102/Const!$B$11)*POWER(Const!$B$9,2)*AJ102*(AH102-Const!$B$4)/(LN(Const!$B$32/Const!$B$34)*LN(Const!$B$32/Const!$B$35)) -> 69.142119 | AQ102: =IF(F102=1,AM102*AP102) -> 28.326646 | AR102: =AI102*((6.112*EXP(((17.62*AG102)/(243.12+AG102))))*(1.0016+0.0000315*AO102-0.074/AO102))/100 -> 6.416093 | AS102: =0.623*Const!$B$10*Const!$B$8*POWER(Const!$B$9,2)*AJ102*(AR102-Const!$B$12)/1013/(LN(Const!$B$32/Const!$B$34)*LN(Const!$B$32/Const!$B$36)) -> 2.4986111 | AT102: =IF(F102=1,AM102*AS102) -> 1.0236492 | AU102: =IF(F102=1,AQ102+AT102) -> 29.350295 | AV102: =VLOOKUP(C102,AWS1_30min!$C$4:$P$2747,14) -> 0 | AW102: =IF(AG102>=2,AV102/1000/1800) -> 0 | AX102: =IF(F102=1,AW102*Const!$B$13*Const!$B$14*(AH102-Const!$B$4)) -> 0 | AY102: =IF(F102=1,-Const!$B$15*(Const!$B$4-Const!$B$31)/2) -> -0.34 | AZ102: =IF(F102=1,AB102+AE102+AQ102+AT102+AY102+AX102) -> 421.15493 | BA102: =IF(V102=1,Const!$B$37,Const!$B$38) -> 602 | BB102: =IF(F102=1,AZ102/Const!$B$17*1800/BA102*1000) -> 3.8159613
A103: =A102 -> 43653 | B103: =B102 -> 0.5 | C103: =C102 -> 43653.5 | D103: =D102 -> 188 | E103: 100 | F103: 1 | G103: 0 | H103: 0 | J103: 525825 | K103: 6300765 | L103: 2502 | M103: 14.9889 | N103: 145.568 | O103: 807.698 | P103: =VLOOKUP(C103,AWS2_30min!$C$3:$G$2935,5) -> 955.8 | Q103: =INDEX($O$4:$O$423,MATCH(1,$H$4:$H$423,0)) -> 856.334 | R103: =P103/Q103 -> 1.1161533 | S103: =IF(F103=1,R103*O103) -> 901.51477 | T103: =VLOOKUP(A103,Albedo!$A$2:$F$63,6) -> 0 | U103: =Const!$B$26*D103+Const!$B$27 -> 2402.4844 | V103: =IF(T103=1,1,IF(L103>=U103,1,0)) -> 1 | W103: =VLOOKUP(A103,Albedo!$A$2:$G$63,5)+Const!$B$20*(L103-Const!$B$29) -> 17.7005 | X103: =VLOOKUP(A103,Albedo!$A$2:$G$63,7) -> 3 | Y103: =IF(T103=1,W103,VLOOKUP(A103,Albedo!$A$2:$H$63,8)+(X103+1)*Const!$B$20*(L103-Const!$B$29)) -> 36.534 | Z103: =Const!$B$22*V103+Const!$B$23*W103+Const!$B$24*Y103+Const!$B$25 -> 0.57955211 | AA103: =IF(F103=1,S103*Z103) -> 522.47479 | AB103: =IF(F103=1,S103-AA103) -> 379.03998 | AC103: =IF(F103=1,VLOOKUP(C103,AWS1_30min!$C$3:$J$2747,8)) -> 319.54647 | AD103: =IF(F103=1,Const!$B$5*POWER((0+Const!$B$4),4)) -> 315.63698 | AE103: =IF(F103=1,AC103-AD103) -> 3.9094925 | AF103: =IF(F103=1,AB103+AE103) -> 382.94948 | AG103: =VLOOKUP(C103,AWS2_30min!$C$3:$J$2935,8)+Const!$B$20*(L103-Const!$B$29) -> 17.7005 | AH103: =AG103+273.15 -> 290.8505 | AI103: =VLOOKUP(C103,AWS2_30min!$C$3:$K$2935,9) -> 30.97 | AJ103: =VLOOKUP(C103,AWS2_30min!$C$3:$L$2935,10) -> 1.9076345 | AK103: =IF(AJ103>0.5,Const!$B$6*(AH103-Const!$B$4)*(Const!$B$32-Const!$B$34)/(AH103*POWER(AJ103,2))) -> 0.32801364 | AL103: =IF(AK103<Const!$B$33,AK103,"ЛОЖЬ") -> 0.32801364 | AM103: =IF(AND(ISNUMBER(AL103),AL103>0),POWER((1-5*AL103),2),IF(ISNUMBER(AL103),POWER((1-16*AL103),0.75))) -> 0.40968727 | AN103: =(AG103+VLOOKUP(C103,AWS1_30min!$C$4:$L$2747,10))/2 -> 16.24175 | AO103: =VLOOKUP(C103,AWS1_30min!$C$4:$O$2747,13)/POWER(10,(L103-Const!$B$28)/18400*(1+0.003665*AN103)) -> 753.72646 | AP103: =Const!$B$7*Const!$B$8*(AO103/Const!$B$11)*POWER(Const!$B$9,2)*AJ103*(AH103-Const!$B$4)/(LN(Const!$B$32/Const!$B$34)*LN(Const!$B$32/Const!$B$35)) -> 69.142119 | AQ103: =IF(F103=1,AM103*AP103) -> 28.326646 | AR103: =AI103*((6.112*EXP(((17.62*AG103)/(243.12+AG103))))*(1.0016+0.0000315*AO103-0.074/AO103))/100 -> 6.416093 | AS103: =0.623*Const!$B$10*Const!$B$8*POWER(Const!$B$9,2)*AJ103*(AR103-Const!$B$12)/1013/(LN(Const!$B$32/Const!$B$34)*LN(Const!$B$32/Const!$B$36)) -> 2.4986111 | AT103: =IF(F103=1,AM103*AS103) -> 1.0236492 | AU103: =IF(F103=1,AQ103+AT103) -> 29.350295 | AV103: =VLOOKUP(C103,AWS1_30min!$C$4:$P$2747,14) -> 0 | AW103: =IF(AG103>=2,AV103/1000/1800) -> 0 | AX103: =IF(F103=1,AW103*Const!$B$13*Const!$B$14*(AH103-Const!$B$4)) -> 0 | AY103: =IF(F103=1,-Const!$B$15*(Const!$B$4-Const!$B$31)/2) -> -0.34 | AZ103: =IF(F103=1,AB103+AE103+AQ103+AT103+AY103+AX103) -> 411.95977 | BA103: =IF(V103=1,Const!$B$37,Const!$B$38) -> 602 | BB103: =IF(F103=1,AZ103/Const!$B$17*1800/BA103*1000) -> 3.7326467
A104: =A103 -> 43653 | B104: =B103 -> 0.5 | C104: =C103 -> 43653.5 | D104: =D103 -> 188 | E104: 101 | F104: 1 | G104: 0 | H104: 0 | J104: 525915 | K104: 6300765 | L104: 2477 | M104: 13.4325 | N104: 140.664 | O104: 811.826 | P104: =VLOOKUP(C104,AWS2_30min!$C$3:$G$2935,5) -> 955.8 | Q104: =INDEX($O$4:$O$423,MATCH(1,$H$4:$H$423,0)) -> 856.334 | R104: =P104/Q104 -> 1.1161533 | S104: =IF(F104=1,R104*O104) -> 906.12225 | T104: =VLOOKUP(A104,Albedo!$A$2:$F$63,6) -> 0 | U104: =Const!$B$26*D104+Const!$B$27 -> 2402.4844 | V104: =IF(T104=1,1,IF(L104>=U104,1,0)) -> 1 | W104: =VLOOKUP(A104,Albedo!$A$2:$G$63,5)+Const!$B$20*(L104-Const!$B$29) -> 17.863 | X104: =VLOOKUP(A104,Albedo!$A$2:$G$63,7) -> 3 | Y104: =IF(T104=1,W104,VLOOKUP(A104,Albedo!$A$2:$H$63,8)+(X104+1)*Const!$B$20*(L104-Const!$B$29)) -> 37.184 | Z104: =Const!$B$22*V104+Const!$B$23*W104+Const!$B$24*Y104+Const!$B$25 -> 0.58018586 | AA104: =IF(F104=1,S104*Z104) -> 525.71932 | AB104: =IF(F104=1,S104-AA104) -> 380.40293 | AC104: =IF(F104=1,VLOOKUP(C104,AWS1_30min!$C$3:$J$2747,8)) -> 319.54647 | AD104: =IF(F104=1,Const!$B$5*POWER((0+Const!$B$4),4)) -> 315.63698 | AE104: =IF(F104=1,AC104-AD104) -> 3.9094925 | AF104: =IF(F104=1,AB104+AE104) -> 384.31243 | AG104: =VLOOKUP(C104,AWS2_30min!$C$3:$J$2935,8)+Const!$B$20*(L104-Const!$B$29) -> 17.863 | AH104: =AG104+273.15 -> 291.013 | AI104: =VLOOKUP(C104,AWS2_30min!$C$3:$K$2935,9) -> 30.97 | AJ104: =VLOOKUP(C104,AWS2_30min!$C$3:$L$2935,10) -> 1.9076345 | AK104: =IF(AJ104>0.5,Const!$B$6*(AH104-Const!$B$4)*(Const!$B$32-Const!$B$34)/(AH104*POWER(AJ104,2))) -> 0.33084013 | AL104: =IF(AK104<Const!$B$33,AK104,"ЛОЖЬ") -> 0.33084013 | AM104: =IF(AND(ISNUMBER(AL104),AL104>0),POWER((1-5*AL104),2),IF(ISNUMBER(AL104),POWER((1-16*AL104),0.75))) -> 0.42797851 | AN104: =(AG104+VLOOKUP(C104,AWS1_30min!$C$4:$L$2747,10))/2 -> 16.323 | AO104: =VLOOKUP(C104,AWS1_30min!$C$4:$O$2747,13)/POWER(10,(L104-Const!$B$28)/18400*(1+0.003665*AN104)) -> 756.23047 | AP104: =Const!$B$7*Const!$B$8*(AO104/Const!$B$11)*POWER(Const!$B$9,2)*AJ104*(AH104-Const!$B$4)/(LN(Const!$B$32/Const!$B$34)*LN(Const!$B$32/Const!$B$35)) -> 70.008692 | AQ104: =IF(F104=1,AM104*AP104) -> 29.962215 | AR104: =AI104*((6.112*EXP(((17.62*AG104)/(243.12+AG104))))*(1.0016+0.0000315*AO104-0.074/AO104))/100 -> 6.4825444 | AS104: =0.623*Const!$B$10*Const!$B$8*POWER(Const!$B$9,2)*AJ104*(AR104-Const!$B$12)/1013/(LN(Const!$B$32/Const!$B$34)*LN(Const!$B$32/Const!$B$36)) -> 3.0410483 | AT104: =IF(F104=1,AM104*AS104) -> 1.3015033 | AU104: =IF(F104=1,AQ104+AT104) -> 31.263719 | AV104: =VLOOKUP(C104,AWS1_30min!$C$4:$P$2747,14) -> 0 | AW104: =IF(AG104>=2,AV104/1000/1800) -> 0 | AX104: =IF(F104=1,AW104*Const!$B$13*Const!$B$14*(AH104-Const!$B$4)) -> 0 | AY104: =IF(F104=1,-Const!$B$15*(Const!$B$4-Const!$B$31)/2) -> -0.34 | AZ104: =IF(F104=1,AB104+AE104+AQ104+AT104+AY104+AX104) -> 415.23614 | BA104: =IF(V104=1,Const!$B$37,Const!$B$38) -> 602 | BB104: =IF(F104=1,AZ104/Const!$B$17*1800/BA104*1000) -> 3.7623329
A105: =A104 -> 43653 | B105: =B104 -> 0.5 | C105: =C104 -> 43653.5 | D105: =D104 -> 188 | E105: 102 | F105: 1 | G105: 0 | H105: 0 | J105: 526005 | K105: 6300765 | L105: 2477 | M105: 12.7661 | N105: 130.525 | O105: 801.243 | P105: =VLOOKUP(C105,AWS2_30min!$C$3:$G$2935,5) -> 955.8 | Q105: =INDEX($O$4:$O$423,MATCH(1,$H$4:$H$423,0)) -> 856.334 | R105: =P105/Q105 -> 1.1161533 | S105: =IF(F105=1,R105*O105) -> 894.31 | T105: =VLOOKUP(A105,Albedo!$A$2:$F$63,6) -> 0 | U105: =Const!$B$26*D105+Const!$B$27 -> 2402.4844 | V105: =IF(T105=1,1,IF(L105>=U105,1,0)) -> 1 | W105: =VLOOKUP(A105,Albedo!$A$2:$G$63,5)+Const!$B$20*(L105-Const!$B$29) -> 17.863 | X105: =VLOOKUP(A105,Albedo!$A$2:$G$63,7) -> 3 | Y105: =IF(T105=1,W105,VLOOKUP(A105,Albedo!$A$2:$H$63,8)+(X105+1)*Const!$B$20*(L105-Const!$B$29)) -> 37.184 | Z105: =Const!$B$22*V105+Const!$B$23*W105+Const!$B$24*Y105+Const!$B$25 -> 0.58018586 | AA105: =IF(F105=1,S105*Z105) -> 518.86602 | AB105: =IF(F105=1,S105-AA105) -> 375.44398 | AC105: =IF(F105=1,VLOOKUP(C105,AWS1_30min!$C$3:$J$2747,8)) -> 319.54647 | AD105: =IF(F105=1,Const!$B$5*POWER((0+Const!$B$4),4)) -> 315.63698 | AE105: =IF(F105=1,AC105-AD105) -> 3.9094925 | AF105: =IF(F105=1,AB105+AE105) -> 379.35348 | AG105: =VLOOKUP(C105,AWS2_30min!$C$3:$J$2935,8)+Const!$B$20*(L105-Const!$B$29) -> 17.863 | AH105: =AG105+273.15 -> 291.013 | AI105: =VLOOKUP(C105,AWS2_30min!$C$3:$K$2935,9) -> 30.97 | AJ105: =VLOOKUP(C105,AWS2_30min!$C$3:$L$2935,10) -> 1.9076345 | AK105: =IF(AJ105>0.5,Const!$B$6*(AH105-Const!$B$4)*(Const!$B$32-Const!$B$34)/(AH105*POWER(AJ105,2))) -> 0.33084013 | AL105: =IF(AK105<Const!$B$33,AK105,"ЛОЖЬ") -> 0.33084013 | AM105: =IF(AND(ISNUMBER(AL105),AL105>0),POWER((1-5*AL105),2),IF(ISNUMBER(AL105),POWER((1-16*AL105),0.75))) -> 0.42797851 | AN105: =(AG105+VLOOKUP(C105,AWS1_30min!$C$4:$L$2747,10))/2 -> 16.323 | AO105: =VLOOKUP(C105,AWS1_30min!$C$4:$O$2747,13)/POWER(10,(L105-Const!$B$28)/18400*(1+0.003665*AN105)) -> 756.23047 | AP105: =Const!$B$7*Const!$B$8*(AO105/Const!$B$11)*POWER(Const!$B$9,2)*AJ105*(AH105-Const!$B$4)/(LN(Const!$B$32/Const!$B$34)*LN(Const!$B$32/Const!$B$35)) -> 70.008692 | AQ105: =IF(F105=1,AM105*AP105) -> 29.962215 | AR105: =AI105*((6.112*EXP(((17.62*AG105)/(243.12+AG105))))*(1.0016+0.0000315*AO105-0.074/AO105))/100 -> 6.4825444 | AS105: =0.623*Const!$B$10*Const!$B$8*POWER(Const!$B$9,2)*AJ105*(AR105-Const!$B$12)/1013/(LN(Const!$B$32/Const!$B$34)*LN(Const!$B$32/Const!$B$36)) -> 3.0410483 | AT105: =IF(F105=1,AM105*AS105) -> 1.3015033 | AU105: =IF(F105=1,AQ105+AT105) -> 31.263719 | AV105: =VLOOKUP(C105,AWS1_30min!$C$4:$P$2747,14) -> 0 | AW105: =IF(AG105>=2,AV105/1000/1800) -> 0 | AX105: =IF(F105=1,AW105*Const!$B$13*Const!$B$14*(AH105-Const!$B$4)) -> 0 | AY105: =IF(F105=1,-Const!$B$15*(Const!$B$4-Const!$B$31)/2) -> -0.34 | AZ105: =IF(F105=1,AB105+AE105+AQ105+AT105+AY105+AX105) -> 410.27719 | BA105: =IF(V105=1,Const!$B$37,Const!$B$38) -> 602 | BB105: =IF(F105=1,AZ105/Const!$B$17*1800/BA105*1000) -> 3.7174013
A106: =A105 -> 43653 | B106: =B105 -> 0.5 | C106: =C105 -> 43653.5 | D106: =D105 -> 188 | E106: 103 | F106: 1 | G106: 0 | H106: 0 | J106: 526095 | K106: 6300765 | L106: 2440 | M106: 9.49581 | N106: 125.538 | O106: 829.72 | P106: =VLOOKUP(C106,AWS2_30min!$C$3:$G$2935,5) -> 955.8 | Q106: =INDEX($O$4:$O$423,MATCH(1,$H$4:$H$423,0)) -> 856.334 | R106: =P106/Q106 -> 1.1161533 | S106: =IF(F106=1,R106*O106) -> 926.0947 | T106: =VLOOKUP(A106,Albedo!$A$2:$F$63,6) -> 0 | U106: =Const!$B$26*D106+Const!$B$27 -> 2402.4844 | V106: =IF(T106=1,1,IF(L106>=U106,1,0)) -> 1 | W106: =VLOOKUP(A106,Albedo!$A$2:$G$63,5)+Const!$B$20*(L106-Const!$B$29) -> 18.1035 | X106: =VLOOKUP(A106,Albedo!$A$2:$G$63,7) -> 3 | Y106: =IF(T106=1,W106,VLOOKUP(A106,Albedo!$A$2:$H$63,8)+(X106+1)*Const!$B$20*(L106-Const!$B$29)) -> 38.146 | Z106: =Const!$B$22*V106+Const!$B$23*W106+Const!$B$24*Y106+Const!$B$25 -> 0.58112381 | AA106: =IF(F106=1,S106*Z106) -> 538.17568 | AB106: =IF(F106=1,S106-AA106) -> 387.91902 | AC106: =IF(F106=1,VLOOKUP(C106,AWS1_30min!$C$3:$J$2747,8)) -> 319.54647 | AD106: =IF(F106=1,Const!$B$5*POWER((0+Const!$B$4),4)) -> 315.63698 | AE106: =IF(F106=1,AC106-AD106) -> 3.9094925 | AF106: =IF(F106=1,AB106+AE106) -> 391.82851 | AG106: =VLOOKUP(C106,AWS2_30min!$C$3:$J$2935,8)+Const!$B$20*(L106-Const!$B$29) -> 18.1035 | AH106: =AG106+273.15 -> 291.2535 | AI106: =VLOOKUP(C106,AWS2_30min!$C$3:$K$2935,9) -> 30.97 | AJ106: =VLOOKUP(C106,AWS2_30min!$C$3:$L$2935,10) -> 1.9076345 | AK106: =IF(AJ106>0.5,Const!$B$6*(AH106-Const!$B$4)*(Const!$B$32-Const!$B$34)/(AH106*POWER(AJ106,2))) -> 0.33501756 | AL106: =IF(AK106<Const!$B$33,AK106,"ЛОЖЬ") -> 0.33501756 | AM106: =IF(AND(ISNUMBER(AL106),AL106>0),POWER((1-5*AL106),2),IF(ISNUMBER(AL106),POWER((1-16*AL106),0.75))) -> 0.45574354 | AN106: =(AG106+VLOOKUP(C106,AWS1_30min!$C$4:$L$2747,10))/2 -> 16.44325 | AO106: =VLOOKUP(C106,AWS1_30min!$C$4:$O$2747,13)/POWER(10,(L106-Const!$B$28)/18400*(1+0.003665*AN106)) -> 759.95429 | AP106: =Const!$B$7*Const!$B$8*(AO106/Const!$B$11)*POWER(Const!$B$9,2)*AJ106*(AH106-Const!$B$4)/(LN(Const!$B$32/Const!$B$34)*LN(Const!$B$32/Const!$B$35)) -> 71.300637 | AQ106: =IF(F106=1,AM106*AP106) -> 32.494804 | AR106: =AI106*((6.112*EXP(((17.62*AG106)/(243.12+AG106))))*(1.0016+0.0000315*AO106-0.074/AO106))/100 -> 6.5820075 | AS106: =0.623*Const!$B$10*Const!$B$8*POWER(Const!$B$9,2)*AJ106*(AR106-Const!$B$12)/1013/(LN(Const!$B$32/Const!$B$34)*LN(Const!$B$32/Const!$B$36)) -> 3.8529569 | AT106: =IF(F106=1,AM106*AS106) -> 1.7559602 | AU106: =IF(F106=1,AQ106+AT106) -> 34.250765 | AV106: =VLOOKUP(C106,AWS1_30min!$C$4:$P$2747,14) -> 0 | AW106: =IF(AG106>=2,AV106/1000/1800) -> 0 | AX106: =IF(F106=1,AW106*Const!$B$13*Const!$B$14*(AH106-Const!$B$4)) -> 0 | AY106: =IF(F106=1,-Const!$B$15*(Const!$B$4-Const!$B$31)/2) -> -0.34 | AZ106: =IF(F106=1,AB106+AE106+AQ106+AT106+AY106+AX106) -> 425.73928 | BA106: =IF(V106=1,Const!$B$37,Const!$B$38) -> 602 | BB106: =IF(F106=1,AZ106/Const!$B$17*1800/BA106*1000) -> 3.8574987
A107: =A106 -> 43653 | B107: =B106 -> 0.5 | C107: =C106 -> 43653.5 | D107: =D106 -> 188 | E107: 104 | F107: 0 | G107: 0 | H107: 0 | J107: 526185 | K107: 6300765 | L107: 2444 | M107: 4.37475 | N107: 195.803 | O107: 932.83 | P107: =VLOOKUP(C107,AWS2_30min!$C$3:$G$2935,5) -> 955.8 | Q107: =INDEX($O$4:$O$423,MATCH(1,$H$4:$H$423,0)) -> 856.334 | R107: =P107/Q107 -> 1.1161533 | S107: =IF(F107=1,R107*O107) -> FALSE | T107: =VLOOKUP(A107,Albedo!$A$2:$F$63,6) -> 0 | U107: =Const!$B$26*D107+Const!$B$27 -> 2402.4844 | V107: =IF(T107=1,1,IF(L107>=U107,1,0)) -> 1 | W107: =VLOOKUP(A107,Albedo!$A$2:$G$63,5)+Const!$B$20*(L107-Const!$B$29) -> 18.0775 | X107: =VLOOKUP(A107,Albedo!$A$2:$G$63,7) -> 3 | Y107: =IF(T107=1,W107,VLOOKUP(A107,Albedo!$A$2:$H$63,8)+(X107+1)*Const!$B$20*(L107-Const!$B$29)) -> 38.042 | Z107: =Const!$B$22*V107+Const!$B$23*W107+Const!$B$24*Y107+Const!$B$25 -> 0.58102241 | AA107: =IF(F107=1,S107*Z107) -> FALSE | AB107: =IF(F107=1,S107-AA107) -> FALSE | AC107: =IF(F107=1,VLOOKUP(C107,AWS1_30min!$C$3:$J$2747,8)) -> FALSE | AD107: =IF(F107=1,Const!$B$5*POWER((0+Const!$B$4),4)) -> FALSE | AE107: =IF(F107=1,AC107-AD107) -> FALSE | AF107: =IF(F107=1,AB107+AE107) -> FALSE | AG107: =VLOOKUP(C107,AWS2_30min!$C$3:$J$2935,8)+Const!$B$20*(L107-Const!$B$29) -> 18.0775 | AH107: =AG107+273.15 -> 291.2275 | AI107: =VLOOKUP(C107,AWS2_30min!$C$3:$K$2935,9) -> 30.97 | AJ107: =VLOOKUP(C107,AWS2_30min!$C$3:$L$2935,10) -> 1.9076345 | AK107: =IF(AJ107>0.5,Const!$B$6*(AH107-Const!$B$4)*(Const!$B$32-Const!$B$34)/(AH107*POWER(AJ107,2))) -> 0.33456628 | AL107: =IF(AK107<Const!$B$33,AK107,"ЛОЖЬ") -> 0.33456628 | AM107: =IF(AND(ISNUMBER(AL107),AL107>0),POWER((1-5*AL107),2),IF(ISNUMBER(AL107),POWER((1-16*AL107),0.75))) -> 0.45270209 | AN107: =(AG107+VLOOKUP(C107,AWS1_30min!$C$4:$L$2747,10))/2 -> 16.43025 | AO107: =VLOOKUP(C107,AWS1_30min!$C$4:$O$2747,13)/POWER(10,(L107-Const!$B$28)/18400*(1+0.003665*AN107)) -> 759.55069 | AP107: =Const!$B$7*Const!$B$8*(AO107/Const!$B$11)*POWER(Const!$B$9,2)*AJ107*(AH107-Const!$B$4)/(LN(Const!$B$32/Const!$B$34)*LN(Const!$B$32/Const!$B$35)) -> 71.160423 | AQ107: =IF(F107=1,AM107*AP107) -> FALSE | AR107: =AI107*((6.112*EXP(((17.62*AG107)/(243.12+AG107))))*(1.0016+0.0000315*AO107-0.074/AO107))/100 -> 6.5711902 | AS107: =0.623*Const!$B$10*Const!$B$8*POWER(Const!$B$9,2)*AJ107*(AR107-Const!$B$12)/1013/(LN(Const!$B$32/Const!$B$34)*LN(Const!$B$32/Const!$B$36)) -> 3.7646561 | AT107: =IF(F107=1,AM107*AS107) -> FALSE | AU107: =IF(F107=1,AQ107+AT107) -> FALSE | AV107: =VLOOKUP(C107,AWS1_30min!$C$4:$P$2747,14) -> 0 | AW107: =IF(AG107>=2,AV107/1000/1800) -> 0 | AX107: =IF(F107=1,AW107*Const!$B$13*Const!$B$14*(AH107-Const!$B$4)) -> FALSE | AY107: =IF(F107=1,-Const!$B$15*(Const!$B$4-Const!$B$31)/2) -> FALSE | AZ107: =IF(F107=1,AB107+AE107+AQ107+AT107+AY107+AX107) -> FALSE | BA107: =IF(V107=1,Const!$B$37,Const!$B$38) -> 602 | BB107: =IF(F107=1,AZ107/Const!$B$17*1800/BA107*1000) -> FALSE
A108: =A107 -> 43653 | B108: =B107 -> 0.5 | C108: =C107 -> 43653.5 | D108: =D107 -> 188 | E108: 105 | F108: 0 | G108: 0 | H108: 0 | J108: 526275 | K108: 6300765 | L108: 2442 | M108: 5.12015 | N108: 161.003 | O108: 901.543 | P108: =VLOOKUP(C108,AWS2_30min!$C$3:$G$2935,5) -> 955.8 | Q108: =INDEX($O$4:$O$423,MATCH(1,$H$4:$H$423,0)) -> 856.334 | R108: =P108/Q108 -> 1.1161533 | S108: =IF(F108=1,R108*O108) -> FALSE | T108: =VLOOKUP(A108,Albedo!$A$2:$F$63,6) -> 0 | U108: =Const!$B$26*D108+Const!$B$27 -> 2402.4844 | V108: =IF(T108=1,1,IF(L108>=U108,1,0)) -> 1 | W108: =VLOOKUP(A108,Albedo!$A$2:$G$63,5)+Const!$B$20*(L108-Const!$B$29) -> 18.0905 | X108: =VLOOKUP(A108,Albedo!$A$2:$G$63,7) -> 3 | Y108: =IF(T108=1,W108,VLOOKUP(A108,Albedo!$A$2:$H$63,8)+(X108+1)*Const!$B$20*(L108-Const!$B$29)) -> 38.094 | Z108: =Const!$B$22*V108+Const!$B$23*W108+Const!$B$24*Y108+Const!$B$25 -> 0.58107311 | AA108: =IF(F108=1,S108*Z108) -> FALSE | AB108: =IF(F108=1,S108-AA108) -> FALSE | AC108: =IF(F108=1,VLOOKUP(C108,AWS1_30min!$C$3:$J$2747,8)) -> FALSE | AD108: =IF(F108=1,Const!$B$5*POWER((0+Const!$B$4),4)) -> FALSE | AE108: =IF(F108=1,AC108-AD108) -> FALSE | AF108: =IF(F108=1,AB108+AE108) -> FALSE | AG108: =VLOOKUP(C108,AWS2_30min!$C$3:$J$2935,8)+Const!$B$20*(L108-Const!$B$29) -> 18.0905 | AH108: =AG108+273.15 -> 291.2405 | AI108: =VLOOKUP(C108,AWS2_30min!$C$3:$K$2935,9) -> 30.97 | AJ108: =VLOOKUP(C108,AWS2_30min!$C$3:$L$2935,10) -> 1.9076345 | AK108: =IF(AJ108>0.5,Const!$B$6*(AH108-Const!$B$4)*(Const!$B$32-Const!$B$34)/(AH108*POWER(AJ108,2))) -> 0.33479193 | AL108: =IF(AK108<Const!$B$33,AK108,"ЛОЖЬ") -> 0.33479193 | AM108: =IF(AND(ISNUMBER(AL108),AL108>0),POWER((1-5*AL108),2),IF(ISNUMBER(AL108),POWER((1-16*AL108),0.75))) -> 0.45422161 | AN108: =(AG108+VLOOKUP(C108,AWS1_30min!$C$4:$L$2747,10))/2 -> 16.43675 | AO108: =VLOOKUP(C108,AWS1_30min!$C$4:$O$2747,13)/POWER(10,(L108-Const!$B$28)/18400*(1+0.003665*AN108)) -> 759.75246 | AP108: =Const!$B$7*Const!$B$8*(AO108/Const!$B$11)*POWER(Const!$B$9,2)*AJ108*(AH108-Const!$B$4)/(LN(Const!$B$32/Const!$B$34)*LN(Const!$B$32/Const!$B$35)) -> 71.230513 | AQ108: =IF(F108=1,AM108*AP108) -> FALSE | AR108: =AI108*((6.112*EXP(((17.62*AG108)/(243.12+AG108))))*(1.0016+0.0000315*AO108-0.074/AO108))/100 -> 6.5765969 | AS108: =0.623*Const!$B$10*Const!$B$8*POWER(Const!$B$9,2)*AJ108*(AR108-Const!$B$12)/1013/(LN(Const!$B$32/Const!$B$34)*LN(Const!$B$32/Const!$B$36)) -> 3.8087905 | AT108: =IF(F108=1,AM108*AS108) -> FALSE | AU108: =IF(F108=1,AQ108+AT108) -> FALSE | AV108: =VLOOKUP(C108,AWS1_30min!$C$4:$P$2747,14) -> 0 | AW108: =IF(AG108>=2,AV108/1000/1800) -> 0 | AX108: =IF(F108=1,AW108*Const!$B$13*Const!$B$14*(AH108-Const!$B$4)) -> FALSE | AY108: =IF(F108=1,-Const!$B$15*(Const!$B$4-Const!$B$31)/2) -> FALSE | AZ108: =IF(F108=1,AB108+AE108+AQ108+AT108+AY108+AX108) -> FALSE | BA108: =IF(V108=1,Const!$B$37,Const!$B$38) -> 602 | BB108: =IF(F108=1,AZ108/Const!$B$17*1800/BA108*1000) -> FALSE
A109: =A108 -> 43653 | B109: =B108 -> 0.5 | C109: =C108 -> 43653.5 | D109: =D108 -> 188 | E109: 106 | F109: 0 | G109: 0 | H109: 0 | J109: 524475 | K109: 6300675 | L109: 2780 | M109: 41.3209 | N109: 0.0905087 | O109: 730.759 | P109: =VLOOKUP(C109,AWS2_30min!$C$3:$G$2935,5) -> 955.8 | Q109: =INDEX($O$4:$O$423,MATCH(1,$H$4:$H$423,0)) -> 856.334 | R109: =P109/Q109 -> 1.1161533 | S109: =IF(F109=1,R109*O109) -> FALSE | T109: =VLOOKUP(A109,Albedo!$A$2:$F$63,6) -> 0 | U109: =Const!$B$26*D109+Const!$B$27 -> 2402.4844 | V109: =IF(T109=1,1,IF(L109>=U109,1,0)) -> 1 | W109: =VLOOKUP(A109,Albedo!$A$2:$G$63,5)+Const!$B$20*(L109-Const!$B$29) -> 15.8935 | X109: =VLOOKUP(A109,Albedo!$A$2:$G$63,7) -> 3 | Y109: =IF(T109=1,W109,VLOOKUP(A109,Albedo!$A$2:$H$63,8)+(X109+1)*Const!$B$20*(L109-Const!$B$29)) -> 29.306 | Z109: =Const!$B$22*V109+Const!$B$23*W109+Const!$B$24*Y109+Const!$B$25 -> 0.57250481 | AA109: =IF(F109=1,S109*Z109) -> FALSE | AB109: =IF(F109=1,S109-AA109) -> FALSE | AC109: =IF(F109=1,VLOOKUP(C109,AWS1_30min!$C$3:$J$2747,8)) -> FALSE | AD109: =IF(F109=1,Const!$B$5*POWER((0+Const!$B$4),4)) -> FALSE | AE109: =IF(F109=1,AC109-AD109) -> FALSE | AF109: =IF(F109=1,AB109+AE109) -> FALSE | AG109: =VLOOKUP(C109,AWS2_30min!$C$3:$J$2935,8)+Const!$B$20*(L109-Const!$B$29) -> 15.8935 | AH109: =AG109+273.15 -> 289.0435 | AI109: =VLOOKUP(C109,AWS2_30min!$C$3:$K$2935,9) -> 30.97 | AJ109: =VLOOKUP(C109,AWS2_30min!$C$3:$L$2935,10) -> 1.9076345 | AK109: =IF(AJ109>0.5,Const!$B$6*(AH109-Const!$B$4)*(Const!$B$32-Const!$B$34)/(AH109*POWER(AJ109,2))) -> 0.29636882 | AL109: =IF(AK109<Const!$B$33,AK109,"ЛОЖЬ") -> 0.29636882 | AM109: =IF(AND(ISNUMBER(AL109),AL109>0),POWER((1-5*AL109),2),IF(ISNUMBER(AL109),POWER((1-16*AL109),0.75))) -> 0.23217376 | AN109: =(AG109+VLOOKUP(C109,AWS1_30min!$C$4:$L$2747,10))/2 -> 15.33825 | AO109: =VLOOKUP(C109,AWS1_30min!$C$4:$O$2747,13)/POWER(10,(L109-Const!$B$28)/18400*(1+0.003665*AN109)) -> 726.52552 | AP109: =Const!$B$7*Const!$B$8*(AO109/Const!$B$11)*POWER(Const!$B$9,2)*AJ109*(AH109-Const!$B$4)/(LN(Const!$B$32/Const!$B$34)*LN(Const!$B$32/Const!$B$35)) -> 59.843062 | AQ109: =IF(F109=1,AM109*AP109) -> FALSE | AR109: =AI109*((6.112*EXP(((17.62*AG109)/(243.12+AG109))))*(1.0016+0.0000315*AO109-0.074/AO109))/100 -> 5.7166707 | AS109: =0.623*Const!$B$10*Const!$B$8*POWER(Const!$B$9,2)*AJ109*(AR109-Const!$B$12)/1013/(LN(Const!$B$32/Const!$B$34)*LN(Const!$B$32/Const!$B$36)) -> -3.2107135 | AT109: =IF(F109=1,AM109*AS109) -> FALSE | AU109: =IF(F109=1,AQ109+AT109) -> FALSE | AV109: =VLOOKUP(C109,AWS1_30min!$C$4:$P$2747,14) -> 0 | AW109: =IF(AG109>=2,AV109/1000/1800) -> 0 | AX109: =IF(F109=1,AW109*Const!$B$13*Const!$B$14*(AH109-Const!$B$4)) -> FALSE | AY109: =IF(F109=1,-Const!$B$15*(Const!$B$4-Const!$B$31)/2) -> FALSE | AZ109: =IF(F109=1,AB109+AE109+AQ109+AT109+AY109+AX109) -> FALSE | BA109: =IF(V109=1,Const!$B$37,Const!$B$38) -> 602 | BB109: =IF(F109=1,AZ109/Const!$B$17*1800/BA109*1000) -> FALSE
A110: =A109 -> 43653 | B110: =B109 -> 0.5 | C110: =C109 -> 43653.5 | D110: =D109 -> 188 | E110: 107 | F110: 0 | G110: 0 | H110: 0 | J110: 524565 | K110: 6300675 | L110: 2772 | M110: 41.2681 | N110: 4.35697 | O110: 700.896 | P110: =VLOOKUP(C110,AWS2_30min!$C$3:$G$2935,5) -> 955.8 | Q110: =INDEX($O$4:$O$423,MATCH(1,$H$4:$H$423,0)) -> 856.334 | R110: =P110/Q110 -> 1.1161533 | S110: =IF(F110=1,R110*O110) -> FALSE | T110: =VLOOKUP(A110,Albedo!$A$2:$F$63,6) -> 0 | U110: =Const!$B$26*D110+Const!$B$27 -> 2402.4844 | V110: =IF(T110=1,1,IF(L110>=U110,1,0)) -> 1 | W110: =VLOOKUP(A110,Albedo!$A$2:$G$63,5)+Const!$B$20*(L110-Const!$B$29) -> 15.9455 | X110: =VLOOKUP(A110,Albedo!$A$2:$G$63,7) -> 3 | Y110: =IF(T110=1,W110,VLOOKUP(A110,Albedo!$A$2:$H$63,8)+(X110+1)*Const!$B$20*(L110-Const!$B$29)) -> 29.514 | Z110: =Const!$B$22*V110+Const!$B$23*W110+Const!$B$24*Y110+Const!$B$25 -> 0.57270761 | AA110: =IF(F110=1,S110*Z110) -> FALSE | AB110: =IF(F110=1,S110-AA110) -> FALSE | AC110: =IF(F110=1,VLOOKUP(C110,AWS1_30min!$C$3:$J$2747,8)) -> FALSE | AD110: =IF(F110=1,Const!$B$5*POWER((0+Const!$B$4),4)) -> FALSE | AE110: =IF(F110=1,AC110-AD110) -> FALSE | AF110: =IF(F110=1,AB110+AE110) -> FALSE | AG110: =VLOOKUP(C110,AWS2_30min!$C$3:$J$2935,8)+Const!$B$20*(L110-Const!$B$29) -> 15.9455 | AH110: =AG110+273.15 -> 289.0955 | AI110: =VLOOKUP(C110,AWS2_30min!$C$3:$K$2935,9) -> 30.97 | AJ110: =VLOOKUP(C110,AWS2_30min!$C$3:$L$2935,10) -> 1.9076345 | AK110: =IF(AJ110>0.5,Const!$B$6*(AH110-Const!$B$4)*(Const!$B$32-Const!$B$34)/(AH110*POWER(AJ110,2))) -> 0.29728499 | AL110: =IF(AK110<Const!$B$33,AK110,"ЛОЖЬ") -> 0.29728499 | AM110: =IF(AND(ISNUMBER(AL110),AL110>0),POWER((1-5*AL110),2),IF(ISNUMBER(AL110),POWER((1-16*AL110),0.75))) -> 0.23660925 | AN110: =(AG110+VLOOKUP(C110,AWS1_30min!$C$4:$L$2747,10))/2 -> 15.36425 | AO110: =VLOOKUP(C110,AWS1_30min!$C$4:$O$2747,13)/POWER(10,(L110-Const!$B$28)/18400*(1+0.003665*AN110)) -> 727.29205 | AP110: =Const!$B$7*Const!$B$8*(AO110/Const!$B$11)*POWER(Const!$B$9,2)*AJ110*(AH110-Const!$B$4)/(LN(Const!$B$32/Const!$B$34)*LN(Const!$B$32/Const!$B$35)) -> 60.1022 | AQ110: =IF(F110=1,AM110*AP110) -> FALSE | AR110: =AI110*((6.112*EXP(((17.62*AG110)/(243.12+AG110))))*(1.0016+0.0000315*AO110-0.074/AO110))/100 -> 5.7358156 | AS110: =0.623*Const!$B$10*Const!$B$8*POWER(Const!$B$9,2)*AJ110*(AR110-Const!$B$12)/1013/(LN(Const!$B$32/Const!$B$34)*LN(Const!$B$32/Const!$B$36)) -> -3.0544352 | AT110: =IF(F110=1,AM110*AS110) -> FALSE | AU110: =IF(F110=1,AQ110+AT110) -> FALSE | AV110: =VLOOKUP(C110,AWS1_30min!$C$4:$P$2747,14) -> 0 | AW110: =IF(AG110>=2,AV110/1000/1800) -> 0 | AX110: =IF(F110=1,AW110*Const!$B$13*Const!$B$14*(AH110-Const!$B$4)) -> FALSE | AY110: =IF(F110=1,-Const!$B$15*(Const!$B$4-Const!$B$31)/2) -> FALSE | AZ110: =IF(F110=1,AB110+AE110+AQ110+AT110+AY110+AX110) -> FALSE | BA110: =IF(V110=1,Const!$B$37,Const!$B$38) -> 602 | BB110: =IF(F110=1,AZ110/Const!$B$17*1800/BA110*1000) -> FALSE
A111: =A110 -> 43653 | B111: =B110 -> 0.5 | C111: =C110 -> 43653.5 | D111: =D110 -> 188 | E111: 108 | F111: 0 | G111: 0 | H111: 0 | J111: 524655 | K111: 6300675 | L111: 2772 | M111: 38.8171 | N111: 1.68178 | O111: 742.535 | P111: =VLOOKUP(C111,AWS2_30min!$C$3:$G$2935,5) -> 955.8 | Q111: =INDEX($O$4:$O$423,MATCH(1,$H$4:$H$423,0)) -> 856.334 | R111: =P111/Q111 -> 1.1161533 | S111: =IF(F111=1,R111*O111) -> FALSE | T111: =VLOOKUP(A111,Albedo!$A$2:$F$63,6) -> 0 | U111: =Const!$B$26*D111+Const!$B$27 -> 2402.4844 | V111: =IF(T111=1,1,IF(L111>=U111,1,0)) -> 1 | W111: =VLOOKUP(A111,Albedo!$A$2:$G$63,5)+Const!$B$20*(L111-Const!$B$29) -> 15.9455 | X111: =VLOOKUP(A111,Albedo!$A$2:$G$63,7) -> 3 | Y111: =IF(T111=1,W111,VLOOKUP(A111,Albedo!$A$2:$H$63,8)+(X111+1)*Const!$B$20*(L111-Const!$B$29)) -> 29.514 | Z111: =Const!$B$22*V111+Const!$B$23*W111+Const!$B$24*Y111+Const!$B$25 -> 0.57270761 | AA111: =IF(F111=1,S111*Z111) -> FALSE | AB111: =IF(F111=1,S111-AA111) -> FALSE | AC111: =IF(F111=1,VLOOKUP(C111,AWS1_30min!$C$3:$J$2747,8)) -> FALSE | AD111: =IF(F111=1,Const!$B$5*POWER((0+Const!$B$4),4)) -> FALSE | AE111: =IF(F111=1,AC111-AD111) -> FALSE | AF111: =IF(F111=1,AB111+AE111) -> FALSE | AG111: =VLOOKUP(C111,AWS2_30min!$C$3:$J$2935,8)+Const!$B$20*(L111-Const!$B$29) -> 15.9455 | AH111: =AG111+273.15 -> 289.0955 | AI111: =VLOOKUP(C111,AWS2_30min!$C$3:$K$2935,9) -> 30.97 | AJ111: =VLOOKUP(C111,AWS2_30min!$C$3:$L$2935,10) -> 1.9076345 | AK111: =IF(AJ111>0.5,Const!$B$6*(AH111-Const!$B$4)*(Const!$B$32-Const!$B$34)/(AH111*POWER(AJ111,2))) -> 0.29728499 | AL111: =IF(AK111<Const!$B$33,AK111,"ЛОЖЬ") -> 0.29728499 | AM111: =IF(AND(ISNUMBER(AL111),AL111>0),POWER((1-5*AL111),2),IF(ISNUMBER(AL111),POWER((1-16*AL111),0.75))) -> 0.23660925 | AN111: =(AG111+VLOOKUP(C111,AWS1_30min!$C$4:$L$2747,10))/2 -> 15.36425 | AO111: =VLOOKUP(C111,AWS1_30min!$C$4:$O$2747,13)/POWER(10,(L111-Const!$B$28)/18400*(1+0.003665*AN111)) -> 727.29205 | AP111: =Const!$B$7*Const!$B$8*(AO111/Const!$B$11)*POWER(Const!$B$9,2)*AJ111*(AH111-Const!$B$4)/(LN(Const!$B$32/Const!$B$34)*LN(Const!$B$32/Const!$B$35)) -> 60.1022 | AQ111: =IF(F111=1,AM111*AP111) -> FALSE | AR111: =AI111*((6.112*EXP(((17.62*AG111)/(243.12+AG111))))*(1.0016+0.0000315*AO111-0.074/AO111))/100 -> 5.7358156 | AS111: =0.623*Const!$B$10*Const!$B$8*POWER(Const!$B$9,2)*AJ111*(AR111-Const!$B$12)/1013/(LN(Const!$B$32/Const!$B$34)*LN(Const!$B$32/Const!$B$36)) -> -3.0544352 | AT111: =IF(F111=1,AM111*AS111) -> FALSE | AU111: =IF(F111=1,AQ111+AT111) -> FALSE | AV111: =VLOOKUP(C111,AWS1_30min!$C$4:$P$2747,14) -> 0 | AW111: =IF(AG111>=2,AV111/1000/1800) -> 0 | AX111: =IF(F111=1,AW111*Const!$B$13*Const!$B$14*(AH111-Const!$B$4)) -> FALSE | AY111: =IF(F111=1,-Const!$B$15*(Const!$B$4-Const!$B$31)/2) -> FALSE | AZ111: =IF(F111=1,AB111+AE111+AQ111+AT111+AY111+AX111) -> FALSE | BA111: =IF(V111=1,Const!$B$37,Const!$B$38) -> 602 | BB111: =IF(F111=1,AZ111/Const!$B$17*1800/BA111*1000) -> FALSE
... A161: =A160 -> 43653 | B161: =B160 -> 0.5 | C161: =C160 -> 43653.5 | D161: =D160 -> 188 | E161: 158 | F161: 0 | G161: 0 | H161: 0 | J161: 525375 | K161: 6300495 | L161: 2523 | M161: 11.8048 | N161: 265.426 | O161: 1032.4 | P161: =VLOOKUP(C161,AWS2_30min!$C$3:$G$2935,5) -> 955.8 | Q161: =INDEX($O$4:$O$423,MATCH(1,$H$4:$H$423,0)) -> 856.334 | R161: =P161/Q161 -> 1.1161533 | S161: =IF(F161=1,R161*O161) -> FALSE | T161: =VLOOKUP(A161,Albedo!$A$2:$F$63,6) -> 0 | U161: =Const!$B$26*D161+Const!$B$27 -> 2402.4844 | V161: =IF(T161=1,1,IF(L161>=U161,1,0)) -> 1 | W161: =VLOOKUP(A161,Albedo!$A$2:$G$63,5)+Const!$B$20*(L161-Const!$B$29) -> 17.564 | X161: =VLOOKUP(A161,Albedo!$A$2:$G$63,7) -> 3 | Y161: =IF(T161=1,W161,VLOOKUP(A161,Albedo!$A$2:$H$63,8)+(X161+1)*Const!$B$20*(L161-Const!$B$29)) -> 35.988 | Z161: =Const!$B$22*V161+Const!$B$23*W161+Const!$B$24*Y161+Const!$B$25 -> 0.57901976 | AA161: =IF(F161=1,S161*Z161) -> FALSE | AB161: =IF(F161=1,S161-AA161) -> FALSE | AC161: =IF(F161=1,VLOOKUP(C161,AWS1_30min!$C$3:$J$2747,8)) -> FALSE | AD161: =IF(F161=1,Const!$B$5*POWER((0+Const!$B$4),4)) -> FALSE | AE161: =IF(F161=1,AC161-AD161) -> FALSE | AF161: =IF(F161=1,AB161+AE161) -> FALSE | AG161: =VLOOKUP(C161,AWS2_30min!$C$3:$J$2935,8)+Const!$B$20*(L161-Const!$B$29) -> 17.564 | AH161: =AG161+273.15 -> 290.714 | AI161: =VLOOKUP(C161,AWS2_30min!$C$3:$K$2935,9) -> 30.97 | AJ161: =VLOOKUP(C161,AWS2_30min!$C$3:$L$2935,10) -> 1.9076345 | AK161: =IF(AJ161>0.5,Const!$B$6*(AH161-Const!$B$4)*(Const!$B$32-Const!$B$34)/(AH161*POWER(AJ161,2))) -> 0.32563694 | AL161: =IF(AK161<Const!$B$33,AK161,"ЛОЖЬ") -> 0.32563694 | AM161: =IF(AND(ISNUMBER(AL161),AL161>0),POWER((1-5*AL161),2),IF(ISNUMBER(AL161),POWER((1-16*AL161),0.75))) -> 0.39461599 | AN161: =(AG161+VLOOKUP(C161,AWS1_30min!$C$4:$L$2747,10))/2 -> 16.1735 | AO161: =VLOOKUP(C161,AWS1_30min!$C$4:$O$2747,13)/POWER(10,(L161-Const!$B$28)/18400*(1+0.003665*AN161)) -> 751.63057 | AP161: =Const!$B$7*Const!$B$8*(AO161/Const!$B$11)*POWER(Const!$B$9,2)*AJ161*(AH161-Const!$B$4)/(LN(Const!$B$32/Const!$B$34)*LN(Const!$B$32/Const!$B$35)) -> 68.418138 | AQ161: =IF(F161=1,AM161*AP161) -> FALSE | AR161: =AI161*((6.112*EXP(((17.62*AG161)/(243.12+AG161))))*(1.0016+0.0000315*AO161-0.074/AO161))/100 -> 6.3607393 | AS161: =0.623*Const!$B$10*Const!$B$8*POWER(Const!$B$9,2)*AJ161*(AR161-Const!$B$12)/1013/(LN(Const!$B$32/Const!$B$34)*LN(Const!$B$32/Const!$B$36)) -> 2.0467634 | AT161: =IF(F161=1,AM161*AS161) -> FALSE | AU161: =IF(F161=1,AQ161+AT161) -> FALSE | AV161: =VLOOKUP(C161,AWS1_30min!$C$4:$P$2747,14) -> 0 | AW161: =IF(AG161>=2,AV161/1000/1800) -> 0 | AX161: =IF(F161=1,AW161*Const!$B$13*Const!$B$14*(AH161-Const!$B$4)) -> FALSE | AY161: =IF(F161=1,-Const!$B$15*(Const!$B$4-Const!$B$31)/2) -> FALSE | AZ161: =IF(F161=1,AB161+AE161+AQ161+AT161+AY161+AX161) -> FALSE | BA161: =IF(V161=1,Const!$B$37,Const!$B$38) -> 602 | BB161: =IF(F161=1,AZ161/Const!$B$17*1800/BA161*1000) -> FALSE
A162: =A161 -> 43653 | B162: =B161 -> 0.5 | C162: =C161 -> 43653.5 | D162: =D161 -> 188 | E162: 159 | F162: 0 | G162: 1 | H162: 0 | I162: AWS-moraine | J162: 525465 | K162: 6300495 | L162: 2536 | M162: 4.08954 | N162: 277.815 | O162: 965.817 | P162: =VLOOKUP(C162,AWS2_30min!$C$3:$G$2935,5) -> 955.8 | Q162: =INDEX($O$4:$O$423,MATCH(1,$H$4:$H$423,0)) -> 856.334 | R162: =P162/Q162 -> 1.1161533 | S162: =IF(F162=1,R162*O162) -> FALSE | T162: =VLOOKUP(A162,Albedo!$A$2:$F$63,6) -> 0 | U162: =Const!$B$26*D162+Const!$B$27 -> 2402.4844 | V162: =IF(T162=1,1,IF(L162>=U162,1,0)) -> 1 | W162: =VLOOKUP(A162,Albedo!$A$2:$G$63,5)+Const!$B$20*(L162-Const!$B$29) -> 17.4795 | X162: =VLOOKUP(A162,Albedo!$A$2:$G$63,7) -> 3 | Y162: =IF(T162=1,W162,VLOOKUP(A162,Albedo!$A$2:$H$63,8)+(X162+1)*Const!$B$20*(L162-Const!$B$29)) -> 35.65 | Z162: =Const!$B$22*V162+Const!$B$23*W162+Const!$B$24*Y162+Const!$B$25 -> 0.57869021 | AA162: =IF(F162=1,S162*Z162) -> FALSE | AB162: =IF(F162=1,S162-AA162) -> FALSE | AC162: =IF(F162=1,VLOOKUP(C162,AWS1_30min!$C$3:$J$2747,8)) -> FALSE | AD162: =IF(F162=1,Const!$B$5*POWER((0+Const!$B$4),4)) -> FALSE | AE162: =IF(F162=1,AC162-AD162) -> FALSE | AF162: =IF(F162=1,AB162+AE162) -> FALSE | AG162: =VLOOKUP(C162,AWS2_30min!$C$3:$J$2935,8)+Const!$B$20*(L162-Const!$B$29) -> 17.4795 | AH162: =AG162+273.15 -> 290.6295 | AI162: =VLOOKUP(C162,AWS2_30min!$C$3:$K$2935,9) -> 30.97 | AJ162: =VLOOKUP(C162,AWS2_30min!$C$3:$L$2935,10) -> 1.9076345 | AK162: =IF(AJ162>0.5,Const!$B$6*(AH162-Const!$B$4)*(Const!$B$32-Const!$B$34)/(AH162*POWER(AJ162,2))) -> 0.32416453 | AL162: =IF(AK162<Const!$B$33,AK162,"ЛОЖЬ") -> 0.32416453 | AM162: =IF(AND(ISNUMBER(AL162),AL162>0),POWER((1-5*AL162),2),IF(ISNUMBER(AL162),POWER((1-16*AL162),0.75))) -> 0.38542074 | AN162: =(AG162+VLOOKUP(C162,AWS1_30min!$C$4:$L$2747,10))/2 -> 16.13125 | AO162: =VLOOKUP(C162,AWS1_30min!$C$4:$O$2747,13)/POWER(10,(L162-Const!$B$28)/18400*(1+0.003665*AN162)) -> 750.33654 | AP162: =Const!$B$7*Const!$B$8*(AO162/Const!$B$11)*POWER(Const!$B$9,2)*AJ162*(AH162-Const!$B$4)/(LN(Const!$B$32/Const!$B$34)*LN(Const!$B$32/Const!$B$35)) -> 67.971756 | AQ162: =IF(F162=1,AM162*AP162) -> FALSE | AR162: =AI162*((6.112*EXP(((17.62*AG162)/(243.12+AG162))))*(1.0016+0.0000315*AO162-0.074/AO162))/100 -> 6.3266844 | AS162: =0.623*Const!$B$10*Const!$B$8*POWER(Const!$B$9,2)*AJ162*(AR162-Const!$B$12)/1013/(LN(Const!$B$32/Const!$B$34)*LN(Const!$B$32/Const!$B$36)) -> 1.768776 | AT162: =IF(F162=1,AM162*AS162) -> FALSE | AU162: =IF(F162=1,AQ162+AT162) -> FALSE | AV162: =VLOOKUP(C162,AWS1_30min!$C$4:$P$2747,14) -> 0 | AW162: =IF(AG162>=2,AV162/1000/1800) -> 0 | AX162: =IF(F162=1,AW162*Const!$B$13*Const!$B$14*(AH162-Const!$B$4)) -> FALSE | AY162: =IF(F162=1,-Const!$B$15*(Const!$B$4-Const!$B$31)/2) -> FALSE | AZ162: =IF(F162=1,AB162+AE162+AQ162+AT162+AY162+AX162) -> FALSE | BA162: =IF(V162=1,Const!$B$37,Const!$B$38) -> 602 | BB162: =IF(F162=1,AZ162/Const!$B$17*1800/BA162*1000) -> FALSE
A163: =A162 -> 43653 | B163: =B162 -> 0.5 | C163: =C162 -> 43653.5 | D163: =D162 -> 188 | E163: 160 | F163: 0 | G163: 0 | H163: 0 | J163: 525555 | K163: 6300495 | L163: 2536 | M163: 2.78415 | N163: 91.6366 | O163: 893.964 | P163: =VLOOKUP(C163,AWS2_30min!$C$3:$G$2935,5) -> 955.8 | Q163: =INDEX($O$4:$O$423,MATCH(1,$H$4:$H$423,0)) -> 856.334 | R163: =P163/Q163 -> 1.1161533 | S163: =IF(F163=1,R163*O163) -> FALSE | T163: =VLOOKUP(A163,Albedo!$A$2:$F$63,6) -> 0 | U163: =Const!$B$26*D163+Const!$B$27 -> 2402.4844 | V163: =IF(T163=1,1,IF(L163>=U163,1,0)) -> 1 | W163: =VLOOKUP(A163,Albedo!$A$2:$G$63,5)+Const!$B$20*(L163-Const!$B$29) -> 17.4795 | X163: =VLOOKUP(A163,Albedo!$A$2:$G$63,7) -> 3 | Y163: =IF(T163=1,W163,VLOOKUP(A163,Albedo!$A$2:$H$63,8)+(X163+1)*Const!$B$20*(L163-Const!$B$29)) -> 35.65 | Z163: =Const!$B$22*V163+Const!$B$23*W163+Const!$B$24*Y163+Const!$B$25 -> 0.57869021 | AA163: =IF(F163=1,S163*Z163) -> FALSE | AB163: =IF(F163=1,S163-AA163) -> FALSE | AC163: =IF(F163=1,VLOOKUP(C163,AWS1_30min!$C$3:$J$2747,8)) -> FALSE | AD163: =IF(F163=1,Const!$B$5*POWER((0+Const!$B$4),4)) -> FALSE | AE163: =IF(F163=1,AC163-AD163) -> FALSE | AF163: =IF(F163=1,AB163+AE163) -> FALSE | AG163: =VLOOKUP(C163,AWS2_30min!$C$3:$J$2935,8)+Const!$B$20*(L163-Const!$B$29) -> 17.4795 | AH163: =AG163+273.15 -> 290.6295 | AI163: =VLOOKUP(C163,AWS2_30min!$C$3:$K$2935,9) -> 30.97 | AJ163: =VLOOKUP(C163,AWS2_30min!$C$3:$L$2935,10) -> 1.9076345 | AK163: =IF(AJ163>0.5,Const!$B$6*(AH163-Const!$B$4)*(Const!$B$32-Const!$B$34)/(AH163*POWER(AJ163,2))) -> 0.32416453 | AL163: =IF(AK163<Const!$B$33,AK163,"ЛОЖЬ") -> 0.32416453 | AM163: =IF(AND(ISNUMBER(AL163),AL163>0),POWER((1-5*AL163),2),IF(ISNUMBER(AL163),POWER((1-16*AL163),0.75))) -> 0.38542074 | AN163: =(AG163+VLOOKUP(C163,AWS1_30min!$C$4:$L$2747,10))/2 -> 16.13125 | AO163: =VLOOKUP(C163,AWS1_30min!$C$4:$O$2747,13)/POWER(10,(L163-Const!$B$28)/18400*(1+0.003665*AN163)) -> 750.33654 | AP163: =Const!$B$7*Const!$B$8*(AO163/Const!$B$11)*POWER(Const!$B$9,2)*AJ163*(AH163-Const!$B$4)/(LN(Const!$B$32/Const!$B$34)*LN(Const!$B$32/Const!$B$35)) -> 67.971756 | AQ163: =IF(F163=1,AM163*AP163) -> FALSE | AR163: =AI163*((6.112*EXP(((17.62*AG163)/(243.12+AG163))))*(1.0016+0.0000315*AO163-0.074/AO163))/100 -> 6.3266844 | AS163: =0.623*Const!$B$10*Const!$B$8*POWER(Const!$B$9,2)*AJ163*(AR163-Const!$B$12)/1013/(LN(Const!$B$32/Const!$B$34)*LN(Const!$B$32/Const!$B$36)) -> 1.768776 | AT163: =IF(F163=1,AM163*AS163) -> FALSE | AU163: =IF(F163=1,AQ163+AT163) -> FALSE | AV163: =VLOOKUP(C163,AWS1_30min!$C$4:$P$2747,14) -> 0 | AW163: =IF(AG163>=2,AV163/1000/1800) -> 0 | AX163: =IF(F163=1,AW163*Const!$B$13*Const!$B$14*(AH163-Const!$B$4)) -> FALSE | AY163: =IF(F163=1,-Const!$B$15*(Const!$B$4-Const!$B$31)/2) -> FALSE | AZ163: =IF(F163=1,AB163+AE163+AQ163+AT163+AY163+AX163) -> FALSE | BA163: =IF(V163=1,Const!$B$37,Const!$B$38) -> 602 | BB163: =IF(F163=1,AZ163/Const!$B$17*1800/BA163*1000) -> FALSE
A164: =A163 -> 43653 | B164: =B163 -> 0.5 | C164: =C163 -> 43653.5 | D164: =D163 -> 188 | E164: 161 | F164: 0 | G164: 0 | H164: 0 | J164: 525645 | K164: 6300495 | L164: 2525 | M164: 9.87401 | N164: 94.1182 | O164: 808.127 | P164: =VLOOKUP(C164,AWS2_30min!$C$3:$G$2935,5) -> 955.8 | Q164: =INDEX($O$4:$O$423,MATCH(1,$H$4:$H$423,0)) -> 856.334 | R164: =P164/Q164 -> 1.1161533 | S164: =IF(F164=1,R164*O164) -> FALSE | T164: =VLOOKUP(A164,Albedo!$A$2:$F$63,6) -> 0 | U164: =Const!$B$26*D164+Const!$B$27 -> 2402.4844 | V164: =IF(T164=1,1,IF(L164>=U164,1,0)) -> 1 | W164: =VLOOKUP(A164,Albedo!$A$2:$G$63,5)+Const!$B$20*(L164-Const!$B$29) -> 17.551 | X164: =VLOOKUP(A164,Albedo!$A$2:$G$63,7) -> 3 | Y164: =IF(T164=1,W164,VLOOKUP(A164,Albedo!$A$2:$H$63,8)+(X164+1)*Const!$B$20*(L164-Const!$B$29)) -> 35.936 | Z164: =Const!$B$22*V164+Const!$B$23*W164+Const!$B$24*Y164+Const!$B$25 -> 0.57896906 | AA164: =IF(F164=1,S164*Z164) -> FALSE | AB164: =IF(F164=1,S164-AA164) -> FALSE | AC164: =IF(F164=1,VLOOKUP(C164,AWS1_30min!$C$3:$J$2747,8)) -> FALSE | AD164: =IF(F164=1,Const!$B$5*POWER((0+Const!$B$4),4)) -> FALSE | AE164: =IF(F164=1,AC164-AD164) -> FALSE | AF164: =IF(F164=1,AB164+AE164) -> FALSE | AG164: =VLOOKUP(C164,AWS2_30min!$C$3:$J$2935,8)+Const!$B$20*(L164-Const!$B$29) -> 17.551 | AH164: =AG164+273.15 -> 290.701 | AI164: =VLOOKUP(C164,AWS2_30min!$C$3:$K$2935,9) -> 30.97 | AJ164: =VLOOKUP(C164,AWS2_30min!$C$3:$L$2935,10) -> 1.9076345 | AK164: =IF(AJ164>0.5,Const!$B$6*(AH164-Const!$B$4)*(Const!$B$32-Const!$B$34)/(AH164*POWER(AJ164,2))) -> 0.32541047 | AL164: =IF(AK164<Const!$B$33,AK164,"ЛОЖЬ") -> 0.32541047 | AM164: =IF(AND(ISNUMBER(AL164),AL164>0),POWER((1-5*AL164),2),IF(ISNUMBER(AL164),POWER((1-16*AL164),0.75))) -> 0.39319463 | AN164: =(AG164+VLOOKUP(C164,AWS1_30min!$C$4:$L$2747,10))/2 -> 16.167 | AO164: =VLOOKUP(C164,AWS1_30min!$C$4:$O$2747,13)/POWER(10,(L164-Const!$B$28)/18400*(1+0.003665*AN164)) -> 751.43132 | AP164: =Const!$B$7*Const!$B$8*(AO164/Const!$B$11)*POWER(Const!$B$9,2)*AJ164*(AH164-Const!$B$4)/(LN(Const!$B$32/Const!$B$34)*LN(Const!$B$32/Const!$B$35)) -> 68.349375 | AQ164: =IF(F164=1,AM164*AP164) -> FALSE | AR164: =AI164*((6.112*EXP(((17.62*AG164)/(243.12+AG164))))*(1.0016+0.0000315*AO164-0.074/AO164))/100 -> 6.3554896 | AS164: =0.623*Const!$B$10*Const!$B$8*POWER(Const!$B$9,2)*AJ164*(AR164-Const!$B$12)/1013/(LN(Const!$B$32/Const!$B$34)*LN(Const!$B$32/Const!$B$36)) -> 2.0039103 | AT164: =IF(F164=1,AM164*AS164) -> FALSE | AU164: =IF(F164=1,AQ164+AT164) -> FALSE | AV164: =VLOOKUP(C164,AWS1_30min!$C$4:$P$2747,14) -> 0 | AW164: =IF(AG164>=2,AV164/1000/1800) -> 0 | AX164: =IF(F164=1,AW164*Const!$B$13*Const!$B$14*(AH164-Const!$B$4)) -> FALSE | AY164: =IF(F164=1,-Const!$B$15*(Const!$B$4-Const!$B$31)/2) -> FALSE | AZ164: =IF(F164=1,AB164+AE164+AQ164+AT164+AY164+AX164) -> FALSE | BA164: =IF(V164=1,Const!$B$37,Const!$B$38) -> 602 | BB164: =IF(F164=1,AZ164/Const!$B$17*1800/BA164*1000) -> FALSE
A165: =A164 -> 43653 | B165: =B164 -> 0.5 | C165: =C164 -> 43653.5 | D165: =D164 -> 188 | E165: 162 | F165: 0 | G165: 0 | H165: 0 | J165: 525735 | K165: 6300495 | L165: 2505 | M165: 7.12676 | N165: 88.727 | O165: 842.017 | P165: =VLOOKUP(C165,AWS2_30min!$C$3:$G$2935,5) -> 955.8 | Q165: =INDEX($O$4:$O$423,MATCH(1,$H$4:$H$423,0)) -> 856.334 | R165: =P165/Q165 -> 1.1161533 | S165: =IF(F165=1,R165*O165) -> FALSE | T165: =VLOOKUP(A165,Albedo!$A$2:$F$63,6) -> 0 | U165: =Const!$B$26*D165+Const!$B$27 -> 2402.4844 | V165: =IF(T165=1,1,IF(L165>=U165,1,0)) -> 1 | W165: =VLOOKUP(A165,Albedo!$A$2:$G$63,5)+Const!$B$20*(L165-Const!$B$29) -> 17.681 | X165: =VLOOKUP(A165,Albedo!$A$2:$G$63,7) -> 3 | Y165: =IF(T165=1,W165,VLOOKUP(A165,Albedo!$A$2:$H$63,8)+(X165+1)*Const!$B$20*(L165-Const!$B$29)) -> 36.456 | Z165: =Const!$B$22*V165+Const!$B$23*W165+Const!$B$24*Y165+Const!$B$25 -> 0.57947606 | AA165: =IF(F165=1,S165*Z165) -> FALSE | AB165: =IF(F165=1,S165-AA165) -> FALSE | AC165: =IF(F165=1,VLOOKUP(C165,AWS1_30min!$C$3:$J$2747,8)) -> FALSE | AD165: =IF(F165=1,Const!$B$5*POWER((0+Const!$B$4),4)) -> FALSE | AE165: =IF(F165=1,AC165-AD165) -> FALSE | AF165: =IF(F165=1,AB165+AE165) -> FALSE | AG165: =VLOOKUP(C165,AWS2_30min!$C$3:$J$2935,8)+Const!$B$20*(L165-Const!$B$29) -> 17.681 | AH165: =AG165+273.15 -> 290.831 | AI165: =VLOOKUP(C165,AWS2_30min!$C$3:$K$2935,9) -> 30.97 | AJ165: =VLOOKUP(C165,AWS2_30min!$C$3:$L$2935,10) -> 1.9076345 | AK165: =IF(AJ165>0.5,Const!$B$6*(AH165-Const!$B$4)*(Const!$B$32-Const!$B$34)/(AH165*POWER(AJ165,2))) -> 0.32767424 | AL165: =IF(AK165<Const!$B$33,AK165,"ЛОЖЬ") -> 0.32767424 | AM165: =IF(AND(ISNUMBER(AL165),AL165>0),POWER((1-5*AL165),2),IF(ISNUMBER(AL165),POWER((1-16*AL165),0.75))) -> 0.40751781 | AN165: =(AG165+VLOOKUP(C165,AWS1_30min!$C$4:$L$2747,10))/2 -> 16.232 | AO165: =VLOOKUP(C165,AWS1_30min!$C$4:$O$2747,13)/POWER(10,(L165-Const!$B$28)/18400*(1+0.003665*AN165)) -> 753.42663 | AP165: =Const!$B$7*Const!$B$8*(AO165/Const!$B$11)*POWER(Const!$B$9,2)*AJ165*(AH165-Const!$B$4)/(LN(Const!$B$32/Const!$B$34)*LN(Const!$B$32/Const!$B$35)) -> 69.038473 | AQ165: =IF(F165=1,AM165*AP165) -> FALSE | AR165: =AI165*((6.112*EXP(((17.62*AG165)/(243.12+AG165))))*(1.0016+0.0000315*AO165-0.074/AO165))/100 -> 6.4081594 | AS165: =0.623*Const!$B$10*Const!$B$8*POWER(Const!$B$9,2)*AJ165*(AR165-Const!$B$12)/1013/(LN(Const!$B$32/Const!$B$34)*LN(Const!$B$32/Const!$B$36)) -> 2.4338497 | AT165: =IF(F165=1,AM165*AS165) -> FALSE | AU165: =IF(F165=1,AQ165+AT165) -> FALSE | AV165: =VLOOKUP(C165,AWS1_30min!$C$4:$P$2747,14) -> 0 | AW165: =IF(AG165>=2,AV165/1000/1800) -> 0 | AX165: =IF(F165=1,AW165*Const!$B$13*Const!$B$14*(AH165-Const!$B$4)) -> FALSE | AY165: =IF(F165=1,-Const!$B$15*(Const!$B$4-Const!$B$31)/2) -> FALSE | AZ165: =IF(F165=1,AB165+AE165+AQ165+AT165+AY165+AX165) -> FALSE | BA165: =IF(V165=1,Const!$B$37,Const!$B$38) -> 602 | BB165: =IF(F165=1,AZ165/Const!$B$17*1800/BA165*1000) -> FALSE
A166: =A165 -> 43653 | B166: =B165 -> 0.5 | C166: =C165 -> 43653.5 | D166: =D165 -> 188 | E166: 163 | F166: 0 | G166: 0 | H166: 0 | J166: 525825 | K166: 6300495 | L166: 2505 | M166: 14.2625 | N166: 89.0608 | O166: 749.132 | P166: =VLOOKUP(C166,AWS2_30min!$C$3:$G$2935,5) -> 955.8 | Q166: =INDEX($O$4:$O$423,MATCH(1,$H$4:$H$423,0)) -> 856.334 | R166: =P166/Q166 -> 1.1161533 | S166: =IF(F166=1,R166*O166) -> FALSE | T166: =VLOOKUP(A166,Albedo!$A$2:$F$63,6) -> 0 | U166: =Const!$B$26*D166+Const!$B$27 -> 2402.4844 | V166: =IF(T166=1,1,IF(L166>=U166,1,0)) -> 1 | W166: =VLOOKUP(A166,Albedo!$A$2:$G$63,5)+Const!$B$20*(L166-Const!$B$29) -> 17.681 | X166: =VLOOKUP(A166,Albedo!$A$2:$G$63,7) -> 3 | Y166: =IF(T166=1,W166,VLOOKUP(A166,Albedo!$A$2:$H$63,8)+(X166+1)*Const!$B$20*(L166-Const!$B$29)) -> 36.456 | Z166: =Const!$B$22*V166+Const!$B$23*W166+Const!$B$24*Y166+Const!$B$25 -> 0.57947606 | AA166: =IF(F166=1,S166*Z166) -> FALSE | AB166: =IF(F166=1,S166-AA166) -> FALSE | AC166: =IF(F166=1,VLOOKUP(C166,AWS1_30min!$C$3:$J$2747,8)) -> FALSE | AD166: =IF(F166=1,Const!$B$5*POWER((0+Const!$B$4),4)) -> FALSE | AE166: =IF(F166=1,AC166-AD166) -> FALSE | AF166: =IF(F166=1,AB166+AE166) -> FALSE | AG166: =VLOOKUP(C166,AWS2_30min!$C$3:$J$2935,8)+Const!$B$20*(L166-Const!$B$29) -> 17.681 | AH166: =AG166+273.15 -> 290.831 | AI166: =VLOOKUP(C166,AWS2_30min!$C$3:$K$2935,9) -> 30.97 | AJ166: =VLOOKUP(C166,AWS2_30min!$C$3:$L$2935,10) -> 1.9076345 | AK166: =IF(AJ166>0.5,Const!$B$6*(AH166-Const!$B$4)*(Const!$B$32-Const!$B$34)/(AH166*POWER(AJ166,2))) -> 0.32767424 | AL166: =IF(AK166<Const!$B$33,AK166,"ЛОЖЬ") -> 0.32767424 | AM166: =IF(AND(ISNUMBER(AL166),AL166>0),POWER((1-5*AL166),2),IF(ISNUMBER(AL166),POWER((1-16*AL166),0.75))) -> 0.40751781 | AN166: =(AG166+VLOOKUP(C166,AWS1_30min!$C$4:$L$2747,10))/2 -> 16.232 | AO166: =VLOOKUP(C166,AWS1_30min!$C$4:$O$2747,13)/POWER(10,(L166-Const!$B$28)/18400*(1+0.003665*AN166)) -> 753.42663 | AP166: =Const!$B$7*Const!$B$8*(AO166/Const!$B$11)*POWER(Const!$B$9,2)*AJ166*(AH166-Const!$B$4)/(LN(Const!$B$32/Const!$B$34)*LN(Const!$B$32/Const!$B$35)) -> 69.038473 | AQ166: =IF(F166=1,AM166*AP166) -> FALSE | AR166: =AI166*((6.112*EXP(((17.62*AG166)/(243.12+AG166))))*(1.0016+0.0000315*AO166-0.074/AO166))/100 -> 6.4081594 | AS166: =0.623*Const!$B$10*Const!$B$8*POWER(Const!$B$9,2)*AJ166*(AR166-Const!$B$12)/1013/(LN(Const!$B$32/Const!$B$34)*LN(Const!$B$32/Const!$B$36)) -> 2.4338497 | AT166: =IF(F166=1,AM166*AS166) -> FALSE | AU166: =IF(F166=1,AQ166+AT166) -> FALSE | AV166: =VLOOKUP(C166,AWS1_30min!$C$4:$P$2747,14) -> 0 | AW166: =IF(AG166>=2,AV166/1000/1800) -> 0 | AX166: =IF(F166=1,AW166*Const!$B$13*Const!$B$14*(AH166-Const!$B$4)) -> FALSE | AY166: =IF(F166=1,-Const!$B$15*(Const!$B$4-Const!$B$31)/2) -> FALSE | AZ166: =IF(F166=1,AB166+AE166+AQ166+AT166+AY166+AX166) -> FALSE | BA166: =IF(V166=1,Const!$B$37,Const!$B$38) -> 602 | BB166: =IF(F166=1,AZ166/Const!$B$17*1800/BA166*1000) -> FALSE
A167: =A166 -> 43653 | B167: =B166 -> 0.5 | C167: =C166 -> 43653.5 | D167: =D166 -> 188 | E167: 164 | F167: 0 | G167: 0 | H167: 0 | J167: 525915 | K167: 6300495 | L167: 2457 | M167: 14.3066 | N167: 94.6859 | O167: 748.14 | P167: =VLOOKUP(C167,AWS2_30min!$C$3:$G$2935,5) -> 955.8 | Q167: =INDEX($O$4:$O$423,MATCH(1,$H$4:$H$423,0)) -> 856.334 | R167: =P167/Q167 -> 1.1161533 | S167: =IF(F167=1,R167*O167) -> FALSE | T167: =VLOOKUP(A167,Albedo!$A$2:$F$63,6) -> 0 | U167: =Const!$B$26*D167+Const!$B$27 -> 2402.4844 | V167: =IF(T167=1,1,IF(L167>=U167,1,0)) -> 1 | W167: =VLOOKUP(A167,Albedo!$A$2:$G$63,5)+Const!$B$20*(L167-Const!$B$29) -> 17.993 | X167: =VLOOKUP(A167,Albedo!$A$2:$G$63,7) -> 3 | Y167: =IF(T167=1,W167,VLOOKUP(A167,Albedo!$A$2:$H$63,8)+(X167+1)*Const!$B$20*(L167-Const!$B$29)) -> 37.704 | Z167: =Const!$B$22*V167+Const!$B$23*W167+Const!$B$24*Y167+Const!$B$25 -> 0.58069286 | AA167: =IF(F167=1,S167*Z167) -> FALSE | AB167: =IF(F167=1,S167-AA167) -> FALSE | AC167: =IF(F167=1,VLOOKUP(C167,AWS1_30min!$C$3:$J$2747,8)) -> FALSE | AD167: =IF(F167=1,Const!$B$5*POWER((0+Const!$B$4),4)) -> FALSE | AE167: =IF(F167=1,AC167-AD167) -> FALSE | AF167: =IF(F167=1,AB167+AE167) -> FALSE | AG167: =VLOOKUP(C167,AWS2_30min!$C$3:$J$2935,8)+Const!$B$20*(L167-Const!$B$29) -> 17.993 | AH167: =AG167+273.15 -> 291.143 | AI167: =VLOOKUP(C167,AWS2_30min!$C$3:$K$2935,9) -> 30.97 | AJ167: =VLOOKUP(C167,AWS2_30min!$C$3:$L$2935,10) -> 1.9076345 | AK167: =IF(AJ167>0.5,Const!$B$6*(AH167-Const!$B$4)*(Const!$B$32-Const!$B$34)/(AH167*POWER(AJ167,2))) -> 0.33309906 | AL167: =IF(AK167<Const!$B$33,AK167,"ЛОЖЬ") -> 0.33309906 | AM167: =IF(AND(ISNUMBER(AL167),AL167>0),POWER((1-5*AL167),2),IF(ISNUMBER(AL167),POWER((1-16*AL167),0.75))) -> 0.44288398 | AN167: =(AG167+VLOOKUP(C167,AWS1_30min!$C$4:$L$2747,10))/2 -> 16.388 | AO167: =VLOOKUP(C167,AWS1_30min!$C$4:$O$2747,13)/POWER(10,(L167-Const!$B$28)/18400*(1+0.003665*AN167)) -> 758.24069 | AP167: =Const!$B$7*Const!$B$8*(AO167/Const!$B$11)*POWER(Const!$B$9,2)*AJ167*(AH167-Const!$B$4)/(LN(Const!$B$32/Const!$B$34)*LN(Const!$B$32/Const!$B$35)) -> 70.70564 | AQ167: =IF(F167=1,AM167*AP167) -> FALSE | AR167: =AI167*((6.112*EXP(((17.62*AG167)/(243.12+AG167))))*(1.0016+0.0000315*AO167-0.074/AO167))/100 -> 6.5361422 | AS167: =0.623*Const!$B$10*Const!$B$8*POWER(Const!$B$9,2)*AJ167*(AR167-Const!$B$12)/1013/(LN(Const!$B$32/Const!$B$34)*LN(Const!$B$32/Const!$B$36)) -> 3.4785625 | AT167: =IF(F167=1,AM167*AS167) -> FALSE | AU167: =IF(F167=1,AQ167+AT167) -> FALSE | AV167: =VLOOKUP(C167,AWS1_30min!$C$4:$P$2747,14) -> 0 | AW167: =IF(AG167>=2,AV167/1000/1800) -> 0 | AX167: =IF(F167=1,AW167*Const!$B$13*Const!$B$14*(AH167-Const!$B$4)) -> FALSE | AY167: =IF(F167=1,-Const!$B$15*(Const!$B$4-Const!$B$31)/2) -> FALSE | AZ167: =IF(F167=1,AB167+AE167+AQ167+AT167+AY167+AX167) -> FALSE | BA167: =IF(V167=1,Const!$B$37,Const!$B$38) -> 602 | BB167: =IF(F167=1,AZ167/Const!$B$17*1800/BA167*1000) -> FALSE
A168: =A167 -> 43653 | B168: =B167 -> 0.5 | C168: =C167 -> 43653.5 | D168: =D167 -> 188 | E168: 165 | F168: 0 | G168: 0 | H168: 0 | J168: 526005 | K168: 6300495 | L168: 2457 | M168: 6.03799 | N168: 113.199 | O168: 859.414 | P168: =VLOOKUP(C168,AWS2_30min!$C$3:$G$2935,5) -> 955.8 | Q168: =INDEX($O$4:$O$423,MATCH(1,$H$4:$H$423,0)) -> 856.334 | R168: =P168/Q168 -> 1.1161533 | S168: =IF(F168=1,R168*O168) -> FALSE | T168: =VLOOKUP(A168,Albedo!$A$2:$F$63,6) -> 0 | U168: =Const!$B$26*D168+Const!$B$27 -> 2402.4844 | V168: =IF(T168=1,1,IF(L168>=U168,1,0)) -> 1 | W168: =VLOOKUP(A168,Albedo!$A$2:$G$63,5)+Const!$B$20*(L168-Const!$B$29) -> 17.993 | X168: =VLOOKUP(A168,Albedo!$A$2:$G$63,7) -> 3 | Y168: =IF(T168=1,W168,VLOOKUP(A168,Albedo!$A$2:$H$63,8)+(X168+1)*Const!$B$20*(L168-Const!$B$29)) -> 37.704 | Z168: =Const!$B$22*V168+Const!$B$23*W168+Const!$B$24*Y168+Const!$B$25 -> 0.58069286 | AA168: =IF(F168=1,S168*Z168) -> FALSE | AB168: =IF(F168=1,S168-AA168) -> FALSE | AC168: =IF(F168=1,VLOOKUP(C168,AWS1_30min!$C$3:$J$2747,8)) -> FALSE | AD168: =IF(F168=1,Const!$B$5*POWER((0+Const!$B$4),4)) -> FALSE | AE168: =IF(F168=1,AC168-AD168) -> FALSE | AF168: =IF(F168=1,AB168+AE168) -> FALSE | AG168: =VLOOKUP(C168,AWS2_30min!$C$3:$J$2935,8)+Const!$B$20*(L168-Const!$B$29) -> 17.993 | AH168: =AG168+273.15 -> 291.143 | AI168: =VLOOKUP(C168,AWS2_30min!$C$3:$K$2935,9) -> 30.97 | AJ168: =VLOOKUP(C168,AWS2_30min!$C$3:$L$2935,10) -> 1.9076345 | AK168: =IF(AJ168>0.5,Const!$B$6*(AH168-Const!$B$4)*(Const!$B$32-Const!$B$34)/(AH168*POWER(AJ168,2))) -> 0.33309906 | AL168: =IF(AK168<Const!$B$33,AK168,"ЛОЖЬ") -> 0.33309906 | AM168: =IF(AND(ISNUMBER(AL168),AL168>0),POWER((1-5*AL168),2),IF(ISNUMBER(AL168),POWER((1-16*AL168),0.75))) -> 0.44288398 | AN168: =(AG168+VLOOKUP(C168,AWS1_30min!$C$4:$L$2747,10))/2 -> 16.388 | AO168: =VLOOKUP(C168,AWS1_30min!$C$4:$O$2747,13)/POWER(10,(L168-Const!$B$28)/18400*(1+0.003665*AN168)) -> 758.24069 | AP168: =Const!$B$7*Const!$B$8*(AO168/Const!$B$11)*POWER(Const!$B$9,2)*AJ168*(AH168-Const!$B$4)/(LN(Const!$B$32/Const!$B$34)*LN(Const!$B$32/Const!$B$35)) -> 70.70564 | AQ168: =IF(F168=1,AM168*AP168) -> FALSE | AR168: =AI168*((6.112*EXP(((17.62*AG168)/(243.12+AG168))))*(1.0016+0.0000315*AO168-0.074/AO168))/100 -> 6.5361422 | AS168: =0.623*Const!$B$10*Const!$B$8*POWER(Const!$B$9,2)*AJ168*(AR168-Const!$B$12)/1013/(LN(Const!$B$32/Const!$B$34)*LN(Const!$B$32/Const!$B$36)) -> 3.4785625 | AT168: =IF(F168=1,AM168*AS168) -> FALSE | AU168: =IF(F168=1,AQ168+AT168) -> FALSE | AV168: =VLOOKUP(C168,AWS1_30min!$C$4:$P$2747,14) -> 0 | AW168: =IF(AG168>=2,AV168/1000/1800) -> 0 | AX168: =IF(F168=1,AW168*Const!$B$13*Const!$B$14*(AH168-Const!$B$4)) -> FALSE | AY168: =IF(F168=1,-Const!$B$15*(Const!$B$4-Const!$B$31)/2) -> FALSE | AZ168: =IF(F168=1,AB168+AE168+AQ168+AT168+AY168+AX168) -> FALSE | BA168: =IF(V168=1,Const!$B$37,Const!$B$38) -> 602 | BB168: =IF(F168=1,AZ168/Const!$B$17*1800/BA168*1000) -> FALSE
A169: =A168 -> 43653 | B169: =B168 -> 0.5 | C169: =C168 -> 43653.5 | D169: =D168 -> 188 | E169: 166 | F169: 0 | G169: 0 | H169: 0 | J169: 526095 | K169: 6300495 | L169: 2438 | M169: 6.31262 | N169: 128.884 | O169: 865.372 | P169: =VLOOKUP(C169,AWS2_30min!$C$3:$G$2935,5) -> 955.8 | Q169: =INDEX($O$4:$O$423,MATCH(1,$H$4:$H$423,0)) -> 856.334 | R169: =P169/Q169 -> 1.1161533 | S169: =IF(F169=1,R169*O169) -> FALSE | T169: =VLOOKUP(A169,Albedo!$A$2:$F$63,6) -> 0 | U169: =Const!$B$26*D169+Const!$B$27 -> 2402.4844 | V169: =IF(T169=1,1,IF(L169>=U169,1,0)) -> 1 | W169: =VLOOKUP(A169,Albedo!$A$2:$G$63,5)+Const!$B$20*(L169-Const!$B$29) -> 18.1165 | X169: =VLOOKUP(A169,Albedo!$A$2:$G$63,7) -> 3 | Y169: =IF(T169=1,W169,VLOOKUP(A169,Albedo!$A$2:$H$63,8)+(X169+1)*Const!$B$20*(L169-Const!$B$29)) -> 38.198 | Z169: =Const!$B$22*V169+Const!$B$23*W169+Const!$B$24*Y169+Const!$B$25 -> 0.58117451 | AA169: =IF(F169=1,S169*Z169) -> FALSE | AB169: =IF(F169=1,S169-AA169) -> FALSE | AC169: =IF(F169=1,VLOOKUP(C169,AWS1_30min!$C$3:$J$2747,8)) -> FALSE | AD169: =IF(F169=1,Const!$B$5*POWER((0+Const!$B$4),4)) -> FALSE | AE169: =IF(F169=1,AC169-AD169) -> FALSE | AF169: =IF(F169=1,AB169+AE169) -> FALSE | AG169: =VLOOKUP(C169,AWS2_30min!$C$3:$J$2935,8)+Const!$B$20*(L169-Const!$B$29) -> 18.1165 | AH169: =AG169+273.15 -> 291.2665 | AI169: =VLOOKUP(C169,AWS2_30min!$C$3:$K$2935,9) -> 30.97 | AJ169: =VLOOKUP(C169,AWS2_30min!$C$3:$L$2935,10) -> 1.9076345 | AK169: =IF(AJ169>0.5,Const!$B$6*(AH169-Const!$B$4)*(Const!$B$32-Const!$B$34)/(AH169*POWER(AJ169,2))) -> 0.33524317 | AL169: =IF(AK169<Const!$B$33,AK169,"ЛОЖЬ") -> 0.33524317 | AM169: =IF(AND(ISNUMBER(AL169),AL169>0),POWER((1-5*AL169),2),IF(ISNUMBER(AL169),POWER((1-16*AL169),0.75))) -> 0.45726788 | AN169: =(AG169+VLOOKUP(C169,AWS1_30min!$C$4:$L$2747,10))/2 -> 16.44975 | AO169: =VLOOKUP(C169,AWS1_30min!$C$4:$O$2747,13)/POWER(10,(L169-Const!$B$28)/18400*(1+0.003665*AN169)) -> 760.15619 | AP169: =Const!$B$7*Const!$B$8*(AO169/Const!$B$11)*POWER(Const!$B$9,2)*AJ169*(AH169-Const!$B$4)/(LN(Const!$B$32/Const!$B$34)*LN(Const!$B$32/Const!$B$35)) -> 71.370793 | AQ169: =IF(F169=1,AM169*AP169) -> FALSE | AR169: =AI169*((6.112*EXP(((17.62*AG169)/(243.12+AG169))))*(1.0016+0.0000315*AO169-0.074/AO169))/100 -> 6.5874221 | AS169: =0.623*Const!$B$10*Const!$B$8*POWER(Const!$B$9,2)*AJ169*(AR169-Const!$B$12)/1013/(LN(Const!$B$32/Const!$B$34)*LN(Const!$B$32/Const!$B$36)) -> 3.8971554 | AT169: =IF(F169=1,AM169*AS169) -> FALSE | AU169: =IF(F169=1,AQ169+AT169) -> FALSE | AV169: =VLOOKUP(C169,AWS1_30min!$C$4:$P$2747,14) -> 0 | AW169: =IF(AG169>=2,AV169/1000/1800) -> 0 | AX169: =IF(F169=1,AW169*Const!$B$13*Const!$B$14*(AH169-Const!$B$4)) -> FALSE | AY169: =IF(F169=1,-Const!$B$15*(Const!$B$4-Const!$B$31)/2) -> FALSE | AZ169: =IF(F169=1,AB169+AE169+AQ169+AT169+AY169+AX169) -> FALSE | BA169: =IF(V169=1,Const!$B$37,Const!$B$38) -> 602 | BB169: =IF(F169=1,AZ169/Const!$B$17*1800/BA169*1000) -> FALSE
A170: =A169 -> 43653 | B170: =B169 -> 0.5 | C170: =C169 -> 43653.5 | D170: =D169 -> 188 | E170: 167 | F170: 0 | G170: 0 | H170: 0 | J170: 526185 | K170: 6300495 | L170: 2438 | M170: 7.02857 | N170: 157.479 | O170: 887.859 | P170: =VLOOKUP(C170,AWS2_30min!$C$3:$G$2935,5) -> 955.8 | Q170: =INDEX($O$4:$O$423,MATCH(1,$H$4:$H$423,0)) -> 856.334 | R170: =P170/Q170 -> 1.1161533 | S170: =IF(F170=1,R170*O170) -> FALSE | T170: =VLOOKUP(A170,Albedo!$A$2:$F$63,6) -> 0 | U170: =Const!$B$26*D170+Const!$B$27 -> 2402.4844 | V170: =IF(T170=1,1,IF(L170>=U170,1,0)) -> 1 | W170: =VLOOKUP(A170,Albedo!$A$2:$G$63,5)+Const!$B$20*(L170-Const!$B$29) -> 18.1165 | X170: =VLOOKUP(A170,Albedo!$A$2:$G$63,7) -> 3 | Y170: =IF(T170=1,W170,VLOOKUP(A170,Albedo!$A$2:$H$63,8)+(X170+1)*Const!$B$20*(L170-Const!$B$29)) -> 38.198 | Z170: =Const!$B$22*V170+Const!$B$23*W170+Const!$B$24*Y170+Const!$B$25 -> 0.58117451 | AA170: =IF(F170=1,S170*Z170) -> FALSE | AB170: =IF(F170=1,S170-AA170) -> FALSE | AC170: =IF(F170=1,VLOOKUP(C170,AWS1_30min!$C$3:$J$2747,8)) -> FALSE | AD170: =IF(F170=1,Const!$B$5*POWER((0+Const!$B$4),4)) -> FALSE | AE170: =IF(F170=1,AC170-AD170) -> FALSE | AF170: =IF(F170=1,AB170+AE170) -> FALSE | AG170: =VLOOKUP(C170,AWS2_30min!$C$3:$J$2935,8)+Const!$B$20*(L170-Const!$B$29) -> 18.1165 | AH170: =AG170+273.15 -> 291.2665 | AI170: =VLOOKUP(C170,AWS2_30min!$C$3:$K$2935,9) -> 30.97 | AJ170: =VLOOKUP(C170,AWS2_30min!$C$3:$L$2935,10) -> 1.9076345 | AK170: =IF(AJ170>0.5,Const!$B$6*(AH170-Const!$B$4)*(Const!$B$32-Const!$B$34)/(AH170*POWER(AJ170,2))) -> 0.33524317 | AL170: =IF(AK170<Const!$B$33,AK170,"ЛОЖЬ") -> 0.33524317 | AM170: =IF(AND(ISNUMBER(AL170),AL170>0),POWER((1-5*AL170),2),IF(ISNUMBER(AL170),POWER((1-16*AL170),0.75))) -> 0.45726788 | AN170: =(AG170+VLOOKUP(C170,AWS1_30min!$C$4:$L$2747,10))/2 -> 16.44975 | AO170: =VLOOKUP(C170,AWS1_30min!$C$4:$O$2747,13)/POWER(10,(L170-Const!$B$28)/18400*(1+0.003665*AN170)) -> 760.15619 | AP170: =Const!$B$7*Const!$B$8*(AO170/Const!$B$11)*POWER(Const!$B$9,2)*AJ170*(AH170-Const!$B$4)/(LN(Const!$B$32/Const!$B$34)*LN(Const!$B$32/Const!$B$35)) -> 71.370793 | AQ170: =IF(F170=1,AM170*AP170) -> FALSE | AR170: =AI170*((6.112*EXP(((17.62*AG170)/(243.12+AG170))))*(1.0016+0.0000315*AO170-0.074/AO170))/100 -> 6.5874221 | AS170: =0.623*Const!$B$10*Const!$B$8*POWER(Const!$B$9,2)*AJ170*(AR170-Const!$B$12)/1013/(LN(Const!$B$32/Const!$B$34)*LN(Const!$B$32/Const!$B$36)) -> 3.8971554 | AT170: =IF(F170=1,AM170*AS170) -> FALSE | AU170: =IF(F170=1,AQ170+AT170) -> FALSE | AV170: =VLOOKUP(C170,AWS1_30min!$C$4:$P$2747,14) -> 0 | AW170: =IF(AG170>=2,AV170/1000/1800) -> 0 | AX170: =IF(F170=1,AW170*Const!$B$13*Const!$B$14*(AH170-Const!$B$4)) -> FALSE | AY170: =IF(F170=1,-Const!$B$15*(Const!$B$4-Const!$B$31)/2) -> FALSE | AZ170: =IF(F170=1,AB170+AE170+AQ170+AT170+AY170+AX170) -> FALSE | BA170: =IF(V170=1,Const!$B$37,Const!$B$38) -> 602 | BB170: =IF(F170=1,AZ170/Const!$B$17*1800/BA170*1000) -> FALSE
A171: =A170 -> 43653 | B171: =B170 -> 0.5 | C171: =C170 -> 43653.5 | D171: =D170 -> 188 | E171: 168 | F171: 0 | G171: 0 | H171: 0 | J171: 526275 | K171: 6300495 | L171: 2425 | M171: 9.28767 | N171: 159.102 | O171: 876.668 | P171: =VLOOKUP(C171,AWS2_30min!$C$3:$G$2935,5) -> 955.8 | Q171: =INDEX($O$4:$O$423,MATCH(1,$H$4:$H$423,0)) -> 856.334 | R171: =P171/Q171 -> 1.1161533 | S171: =IF(F171=1,R171*O171) -> FALSE | T171: =VLOOKUP(A171,Albedo!$A$2:$F$63,6) -> 0 | U171: =Const!$B$26*D171+Const!$B$27 -> 2402.4844 | V171: =IF(T171=1,1,IF(L171>=U171,1,0)) -> 1 | W171: =VLOOKUP(A171,Albedo!$A$2:$G$63,5)+Const!$B$20*(L171-Const!$B$29) -> 18.201 | X171: =VLOOKUP(A171,Albedo!$A$2:$G$63,7) -> 3 | Y171: =IF(T171=1,W171,VLOOKUP(A171,Albedo!$A$2:$H$63,8)+(X171+1)*Const!$B$20*(L171-Const!$B$29)) -> 38.536 | Z171: =Const!$B$22*V171+Const!$B$23*W171+Const!$B$24*Y171+Const!$B$25 -> 0.58150406 | AA171: =IF(F171=1,S171*Z171) -> FALSE | AB171: =IF(F171=1,S171-AA171) -> FALSE | AC171: =IF(F171=1,VLOOKUP(C171,AWS1_30min!$C$3:$J$2747,8)) -> FALSE | AD171: =IF(F171=1,Const!$B$5*POWER((0+Const!$B$4),4)) -> FALSE | AE171: =IF(F171=1,AC171-AD171) -> FALSE | AF171: =IF(F171=1,AB171+AE171) -> FALSE | AG171: =VLOOKUP(C171,AWS2_30min!$C$3:$J$2935,8)+Const!$B$20*(L171-Const!$B$29) -> 18.201 | AH171: =AG171+273.15 -> 291.351 | AI171: =VLOOKUP(C171,AWS2_30min!$C$3:$K$2935,9) -> 30.97 | AJ171: =VLOOKUP(C171,AWS2_30min!$C$3:$L$2935,10) -> 1.9076345 | AK171: =IF(AJ171>0.5,Const!$B$6*(AH171-Const!$B$4)*(Const!$B$32-Const!$B$34)/(AH171*POWER(AJ171,2))) -> 0.33670915 | AL171: =IF(AK171<Const!$B$33,AK171,"ЛОЖЬ") -> 0.33670915 | AM171: =IF(AND(ISNUMBER(AL171),AL171>0),POWER((1-5*AL171),2),IF(ISNUMBER(AL171),POWER((1-16*AL171),0.75))) -> 0.46723477 | AN171: =(AG171+VLOOKUP(C171,AWS1_30min!$C$4:$L$2747,10))/2 -> 16.492 | AO171: =VLOOKUP(C171,AWS1_30min!$C$4:$O$2747,13)/POWER(10,(L171-Const!$B$28)/18400*(1+0.003665*AN171)) -> 761.47006 | AP171: =Const!$B$7*Const!$B$8*(AO171/Const!$B$11)*POWER(Const!$B$9,2)*AJ171*(AH171-Const!$B$4)/(LN(Const!$B$32/Const!$B$34)*LN(Const!$B$32/Const!$B$35)) -> 71.827619 | AQ171: =IF(F171=1,AM171*AP171) -> FALSE | AR171: =AI171*((6.112*EXP(((17.62*AG171)/(243.12+AG171))))*(1.0016+0.0000315*AO171-0.074/AO171))/100 -> 6.6227126 | AS171: =0.623*Const!$B$10*Const!$B$8*POWER(Const!$B$9,2)*AJ171*(AR171-Const!$B$12)/1013/(LN(Const!$B$32/Const!$B$34)*LN(Const!$B$32/Const!$B$36)) -> 4.1852287 | AT171: =IF(F171=1,AM171*AS171) -> FALSE | AU171: =IF(F171=1,AQ171+AT171) -> FALSE | AV171: =VLOOKUP(C171,AWS1_30min!$C$4:$P$2747,14) -> 0 | AW171: =IF(AG171>=2,AV171/1000/1800) -> 0 | AX171: =IF(F171=1,AW171*Const!$B$13*Const!$B$14*(AH171-Const!$B$4)) -> FALSE | AY171: =IF(F171=1,-Const!$B$15*(Const!$B$4-Const!$B$31)/2) -> FALSE | AZ171: =IF(F171=1,AB171+AE171+AQ171+AT171+AY171+AX171) -> FALSE | BA171: =IF(V171=1,Const!$B$37,Const!$B$38) -> 602 | BB171: =IF(F171=1,AZ171/Const!$B$17*1800/BA171*1000) -> FALSE
A172: =A171 -> 43653 | B172: =B171 -> 0.5 | C172: =C171 -> 43653.5 | D172: =D171 -> 188 | E172: 169 | F172: 0 | G172: 0 | H172: 0 | J172: 524475 | K172: 6300405 | L172: 2890 | M172: 33.4114 | N172: 240.899 | O172: 1097.93 | P172: =VLOOKUP(C172,AWS2_30min!$C$3:$G$2935,5) -> 955.8 | Q172: =INDEX($O$4:$O$423,MATCH(1,$H$4:$H$423,0)) -> 856.334 | R172: =P172/Q172 -> 1.1161533 | S172: =IF(F172=1,R172*O172) -> FALSE | T172: =VLOOKUP(A172,Albedo!$A$2:$F$63,6) -> 0 | U172: =Const!$B$26*D172+Const!$B$27 -> 2402.4844 | V172: =IF(T172=1,1,IF(L172>=U172,1,0)) -> 1 | W172: =VLOOKUP(A172,Albedo!$A$2:$G$63,5)+Const!$B$20*(L172-Const!$B$29) -> 15.1785 | X172: =VLOOKUP(A172,Albedo!$A$2:$G$63,7) -> 3 | Y172: =IF(T172=1,W172,VLOOKUP(A172,Albedo!$A$2:$H$63,8)+(X172+1)*Const!$B$20*(L172-Const!$B$29)) -> 26.446 | Z172: =Const!$B$22*V172+Const!$B$23*W172+Const!$B$24*Y172+Const!$B$25 -> 0.56971631 | AA172: =IF(F172=1,S172*Z172) -> FALSE | AB172: =IF(F172=1,S172-AA172) -> FALSE | AC172: =IF(F172=1,VLOOKUP(C172,AWS1_30min!$C$3:$J$2747,8)) -> FALSE | AD172: =IF(F172=1,Const!$B$5*POWER((0+Const!$B$4),4)) -> FALSE | AE172: =IF(F172=1,AC172-AD172) -> FALSE | AF172: =IF(F172=1,AB172+AE172) -> FALSE | AG172: =VLOOKUP(C172,AWS2_30min!$C$3:$J$2935,8)+Const!$B$20*(L172-Const!$B$29) -> 15.1785 | AH172: =AG172+273.15 -> 288.3285 | AI172: =VLOOKUP(C172,AWS2_30min!$C$3:$K$2935,9) -> 30.97 | AJ172: =VLOOKUP(C172,AWS2_30min!$C$3:$L$2935,10) -> 1.9076345 | AK172: =IF(AJ172>0.5,Const!$B$6*(AH172-Const!$B$4)*(Const!$B$32-Const!$B$34)/(AH172*POWER(AJ172,2))) -> 0.28373797 | AL172: =IF(AK172<Const!$B$33,AK172,"ЛОЖЬ") -> 0.28373797 | AM172: =IF(AND(ISNUMBER(AL172),AL172>0),POWER((1-5*AL172),2),IF(ISNUMBER(AL172),POWER((1-16*AL172),0.75))) -> 0.1753012 | AN172: =(AG172+VLOOKUP(C172,AWS1_30min!$C$4:$L$2747,10))/2 -> 14.98075 | AO172: =VLOOKUP(C172,AWS1_30min!$C$4:$O$2747,13)/POWER(10,(L172-Const!$B$28)/18400*(1+0.003665*AN172)) -> 716.08117 | AP172: =Const!$B$7*Const!$B$8*(AO172/Const!$B$11)*POWER(Const!$B$9,2)*AJ172*(AH172-Const!$B$4)/(LN(Const!$B$32/Const!$B$34)*LN(Const!$B$32/Const!$B$35)) -> 56.329318 | AQ172: =IF(F172=1,AM172*AP172) -> FALSE | AR172: =AI172*((6.112*EXP(((17.62*AG172)/(243.12+AG172))))*(1.0016+0.0000315*AO172-0.074/AO172))/100 -> 5.4590926 | AS172: =0.623*Const!$B$10*Const!$B$8*POWER(Const!$B$9,2)*AJ172*(AR172-Const!$B$12)/1013/(LN(Const!$B$32/Const!$B$34)*LN(Const!$B$32/Const!$B$36)) -> -5.3133009 | AT172: =IF(F172=1,AM172*AS172) -> FALSE | AU172: =IF(F172=1,AQ172+AT172) -> FALSE | AV172: =VLOOKUP(C172,AWS1_30min!$C$4:$P$2747,14) -> 0 | AW172: =IF(AG172>=2,AV172/1000/1800) -> 0 | AX172: =IF(F172=1,AW172*Const!$B$13*Const!$B$14*(AH172-Const!$B$4)) -> FALSE | AY172: =IF(F172=1,-Const!$B$15*(Const!$B$4-Const!$B$31)/2) -> FALSE | AZ172: =IF(F172=1,AB172+AE172+AQ172+AT172+AY172+AX172) -> FALSE | BA172: =IF(V172=1,Const!$B$37,Const!$B$38) -> 602 | BB172: =IF(F172=1,AZ172/Const!$B$17*1800/BA172*1000) -> FALSE
A173: =A172 -> 43653 | B173: =B172 -> 0.5 | C173: =C172 -> 43653.5 | D173: =D172 -> 188 | E173: 170 | F173: 0 | G173: 0 | H173: 0 | J173: 524565 | K173: 6300405 | L173: 2909 | M173: 18.06 | N173: 203.07 | O173: 969.051 | P173: =VLOOKUP(C173,AWS2_30min!$C$3:$G$2935,5) -> 955.8 | Q173: =INDEX($O$4:$O$423,MATCH(1,$H$4:$H$423,0)) -> 856.334 | R173: =P173/Q173 -> 1.1161533 | S173: =IF(F173=1,R173*O173) -> FALSE | T173: =VLOOKUP(A173,Albedo!$A$2:$F$63,6) -> 0 | U173: =Const!$B$26*D173+Const!$B$27 -> 2402.4844 | V173: =IF(T173=1,1,IF(L173>=U173,1,0)) -> 1 | W173: =VLOOKUP(A173,Albedo!$A$2:$G$63,5)+Const!$B$20*(L173-Const!$B$29) -> 15.055 | X173: =VLOOKUP(A173,Albedo!$A$2:$G$63,7) -> 3 | Y173: =IF(T173=1,W173,VLOOKUP(A173,Albedo!$A$2:$H$63,8)+(X173+1)*Const!$B$20*(L173-Const!$B$29)) -> 25.952 | Z173: =Const!$B$22*V173+Const!$B$23*W173+Const!$B$24*Y173+Const!$B$25 -> 0.56923466 | AA173: =IF(F173=1,S173*Z173) -> FALSE | AB173: =IF(F173=1,S173-AA173) -> FALSE | AC173: =IF(F173=1,VLOOKUP(C173,AWS1_30min!$C$3:$J$2747,8)) -> FALSE | AD173: =IF(F173=1,Const!$B$5*POWER((0+Const!$B$4),4)) -> FALSE | AE173: =IF(F173=1,AC173-AD173) -> FALSE | AF173: =IF(F173=1,AB173+AE173) -> FALSE | AG173: =VLOOKUP(C173,AWS2_30min!$C$3:$J$2935,8)+Const!$B$20*(L173-Const!$B$29) -> 15.055 | AH173: =AG173+273.15 -> 288.205 | AI173: =VLOOKUP(C173,AWS2_30min!$C$3:$K$2935,9) -> 30.97 | AJ173: =VLOOKUP(C173,AWS2_30min!$C$3:$L$2935,10) -> 1.9076345 | AK173: =IF(AJ173>0.5,Const!$B$6*(AH173-Const!$B$4)*(Const!$B$32-Const!$B$34)/(AH173*POWER(AJ173,2))) -> 0.28154993 | AL173: =IF(AK173<Const!$B$33,AK173,"ЛОЖЬ") -> 0.28154993 | AM173: =IF(AND(ISNUMBER(AL173),AL173>0),POWER((1-5*AL173),2),IF(ISNUMBER(AL173),POWER((1-16*AL173),0.75))) -> 0.16625979 | AN173: =(AG173+VLOOKUP(C173,AWS1_30min!$C$4:$L$2747,10))/2 -> 14.919 | AO173: =VLOOKUP(C173,AWS1_30min!$C$4:$O$2747,13)/POWER(10,(L173-Const!$B$28)/18400*(1+0.003665*AN173)) -> 714.29502 | AP173: =Const!$B$7*Const!$B$8*(AO173/Const!$B$11)*POWER(Const!$B$9,2)*AJ173*(AH173-Const!$B$4)/(LN(Const!$B$32/Const!$B$34)*LN(Const!$B$32/Const!$B$35)) -> 55.731633 | AQ173: =IF(F173=1,AM173*AP173) -> FALSE | AR173: =AI173*((6.112*EXP(((17.62*AG173)/(243.12+AG173))))*(1.0016+0.0000315*AO173-0.074/AO173))/100 -> 5.4156561 | AS173: =0.623*Const!$B$10*Const!$B$8*POWER(Const!$B$9,2)*AJ173*(AR173-Const!$B$12)/1013/(LN(Const!$B$32/Const!$B$34)*LN(Const!$B$32/Const!$B$36)) -> -5.6678699 | AT173: =IF(F173=1,AM173*AS173) -> FALSE | AU173: =IF(F173=1,AQ173+AT173) -> FALSE | AV173: =VLOOKUP(C173,AWS1_30min!$C$4:$P$2747,14) -> 0 | AW173: =IF(AG173>=2,AV173/1000/1800) -> 0 | AX173: =IF(F173=1,AW173*Const!$B$13*Const!$B$14*(AH173-Const!$B$4)) -> FALSE | AY173: =IF(F173=1,-Const!$B$15*(Const!$B$4-Const!$B$31)/2) -> FALSE | AZ173: =IF(F173=1,AB173+AE173+AQ173+AT173+AY173+AX173) -> FALSE | BA173: =IF(V173=1,Const!$B$37,Const!$B$38) -> 602 | BB173: =IF(F173=1,AZ173/Const!$B$17*1800/BA173*1000) -> FALSE
A174: =A173 -> 43653 | B174: =B173 -> 0.5 | C174: =C173 -> 43653.5 | D174: =D173 -> 188 | E174: 171 | F174: 0 | G174: 0 | H174: 0 | J174: 524655 | K174: 6300405 | L174: 2909 | M174: 18.9741 | N174: 133.691 | O174: 744.609 | P174: =VLOOKUP(C174,AWS2_30min!$C$3:$G$2935,5) -> 955.8 | Q174: =INDEX($O$4:$O$423,MATCH(1,$H$4:$H$423,0)) -> 856.334 | R174: =P174/Q174 -> 1.1161533 | S174: =IF(F174=1,R174*O174) -> FALSE | T174: =VLOOKUP(A174,Albedo!$A$2:$F$63,6) -> 0 | U174: =Const!$B$26*D174+Const!$B$27 -> 2402.4844 | V174: =IF(T174=1,1,IF(L174>=U174,1,0)) -> 1 | W174: =VLOOKUP(A174,Albedo!$A$2:$G$63,5)+Const!$B$20*(L174-Const!$B$29) -> 15.055 | X174: =VLOOKUP(A174,Albedo!$A$2:$G$63,7) -> 3 | Y174: =IF(T174=1,W174,VLOOKUP(A174,Albedo!$A$2:$H$63,8)+(X174+1)*Const!$B$20*(L174-Const!$B$29)) -> 25.952 | Z174: =Const!$B$22*V174+Const!$B$23*W174+Const!$B$24*Y174+Const!$B$25 -> 0.56923466 | AA174: =IF(F174=1,S174*Z174) -> FALSE | AB174: =IF(F174=1,S174-AA174) -> FALSE | AC174: =IF(F174=1,VLOOKUP(C174,AWS1_30min!$C$3:$J$2747,8)) -> FALSE | AD174: =IF(F174=1,Const!$B$5*POWER((0+Const!$B$4),4)) -> FALSE | AE174: =IF(F174=1,AC174-AD174) -> FALSE | AF174: =IF(F174=1,AB174+AE174) -> FALSE | AG174: =VLOOKUP(C174,AWS2_30min!$C$3:$J$2935,8)+Const!$B$20*(L174-Const!$B$29) -> 15.055 | AH174: =AG174+273.15 -> 288.205 | AI174: =VLOOKUP(C174,AWS2_30min!$C$3:$K$2935,9) -> 30.97 | AJ174: =VLOOKUP(C174,AWS2_30min!$C$3:$L$2935,10) -> 1.9076345 | AK174: =IF(AJ174>0.5,Const!$B$6*(AH174-Const!$B$4)*(Const!$B$32-Const!$B$34)/(AH174*POWER(AJ174,2))) -> 0.28154993 | AL174: =IF(AK174<Const!$B$33,AK174,"ЛОЖЬ") -> 0.28154993 | AM174: =IF(AND(ISNUMBER(AL174),AL174>0),POWER((1-5*AL174),2),IF(ISNUMBER(AL174),POWER((1-16*AL174),0.75))) -> 0.16625979 | AN174: =(AG174+VLOOKUP(C174,AWS1_30min!$C$4:$L$2747,10))/2 -> 14.919 | AO174: =VLOOKUP(C174,AWS1_30min!$C$4:$O$2747,13)/POWER(10,(L174-Const!$B$28)/18400*(1+0.003665*AN174)) -> 714.29502 | AP174: =Const!$B$7*Const!$B$8*(AO174/Const!$B$11)*POWER(Const!$B$9,2)*AJ174*(AH174-Const!$B$4)/(LN(Const!$B$32/Const!$B$34)*LN(Const!$B$32/Const!$B$35)) -> 55.731633 | AQ174: =IF(F174=1,AM174*AP174) -> FALSE | AR174: =AI174*((6.112*EXP(((17.62*AG174)/(243.12+AG174))))*(1.0016+0.0000315*AO174-0.074/AO174))/100 -> 5.4156561 | AS174: =0.623*Const!$B$10*Const!$B$8*POWER(Const!$B$9,2)*AJ174*(AR174-Const!$B$12)/1013/(LN(Const!$B$32/Const!$B$34)*LN(Const!$B$32/Const!$B$36)) -> -5.6678699 | AT174: =IF(F174=1,AM174*AS174) -> FALSE | AU174: =IF(F174=1,AQ174+AT174) -> FALSE | AV174: =VLOOKUP(C174,AWS1_30min!$C$4:$P$2747,14) -> 0 | AW174: =IF(AG174>=2,AV174/1000/1800) -> 0 | AX174: =IF(F174=1,AW174*Const!$B$13*Const!$B$14*(AH174-Const!$B$4)) -> FALSE | AY174: =IF(F174=1,-Const!$B$15*(Const!$B$4-Const!$B$31)/2) -> FALSE | AZ174: =IF(F174=1,AB174+AE174+AQ174+AT174+AY174+AX174) -> FALSE | BA174: =IF(V174=1,Const!$B$37,Const!$B$38) -> 602 | BB174: =IF(F174=1,AZ174/Const!$B$17*1800/BA174*1000) -> FALSE
... A423: =A422 -> 43653 | B423: =B422 -> 0.5 | C423: =C422 -> 43653.5 | D423: =D422 -> 188 | E423: 420 | F423: 0 | G423: 0 | H423: 0 | J423: 526275 | K423: 6299415 | L423: 2695 | M423: 19.8316 | N423: 10.8772 | O423: 842.148 | P423: =VLOOKUP(C423,AWS2_30min!$C$3:$G$2935,5) -> 955.8 | Q423: =INDEX($O$4:$O$423,MATCH(1,$H$4:$H$423,0)) -> 856.334 | R423: =P423/Q423 -> 1.1161533 | S423: =IF(F423=1,R423*O423) -> FALSE | T423: =VLOOKUP(A423,Albedo!$A$2:$F$63,6) -> 0 | U423: =Const!$B$26*D423+Const!$B$27 -> 2402.4844 | V423: =IF(T423=1,1,IF(L423>=U423,1,0)) -> 1 | W423: =VLOOKUP(A423,Albedo!$A$2:$G$63,5)+Const!$B$20*(L423-Const!$B$29) -> 16.446 | X423: =VLOOKUP(A423,Albedo!$A$2:$G$63,7) -> 3 | Y423: =IF(T423=1,W423,VLOOKUP(A423,Albedo!$A$2:$H$63,8)+(X423+1)*Const!$B$20*(L423-Const!$B$29)) -> 31.516 | Z423: =Const!$B$22*V423+Const!$B$23*W423+Const!$B$24*Y423+Const!$B$25 -> 0.57465956 | AA423: =IF(F423=1,S423*Z423) -> FALSE | AB423: =IF(F423=1,S423-AA423) -> FALSE | AC423: =IF(F423=1,VLOOKUP(C423,AWS1_30min!$C$3:$J$2747,8)) -> FALSE | AD423: =IF(F423=1,Const!$B$5*POWER((0+Const!$B$4),4)) -> FALSE | AE423: =IF(F423=1,AC423-AD423) -> FALSE | AF423: =IF(F423=1,AB423+AE423) -> FALSE | AG423: =VLOOKUP(C423,AWS2_30min!$C$3:$J$2935,8)+Const!$B$20*(L423-Const!$B$29) -> 16.446 | AH423: =AG423+273.15 -> 289.596 | AI423: =VLOOKUP(C423,AWS2_30min!$C$3:$K$2935,9) -> 30.97 | AJ423: =VLOOKUP(C423,AWS2_30min!$C$3:$L$2935,10) -> 1.9076345 | AK423: =IF(AJ423>0.5,Const!$B$6*(AH423-Const!$B$4)*(Const!$B$32-Const!$B$34)/(AH423*POWER(AJ423,2))) -> 0.30608631 | AL423: =IF(AK423<Const!$B$33,AK423,"ЛОЖЬ") -> 0.30608631 | AM423: =IF(AND(ISNUMBER(AL423),AL423>0),POWER((1-5*AL423),2),IF(ISNUMBER(AL423),POWER((1-16*AL423),0.75))) -> 0.28135763 | AN423: =(AG423+VLOOKUP(C423,AWS1_30min!$C$4:$L$2747,10))/2 -> 15.6145 | AO423: =VLOOKUP(C423,AWS1_30min!$C$4:$O$2747,13)/POWER(10,(L423-Const!$B$28)/18400*(1+0.003665*AN423)) -> 734.71853 | AP423: =Const!$B$7*Const!$B$8*(AO423/Const!$B$11)*POWER(Const!$B$9,2)*AJ423*(AH423-Const!$B$4)/(LN(Const!$B$32/Const!$B$34)*LN(Const!$B$32/Const!$B$35)) -> 62.621673 | AQ423: =IF(F423=1,AM423*AP423) -> FALSE | AR423: =AI423*((6.112*EXP(((17.62*AG423)/(243.12+AG423))))*(1.0016+0.0000315*AO423-0.074/AO423))/100 -> 5.9230015 | AS423: =0.623*Const!$B$10*Const!$B$8*POWER(Const!$B$9,2)*AJ423*(AR423-Const!$B$12)/1013/(LN(Const!$B$32/Const!$B$34)*LN(Const!$B$32/Const!$B$36)) -> -1.5264528 | AT423: =IF(F423=1,AM423*AS423) -> FALSE | AU423: =IF(F423=1,AQ423+AT423) -> FALSE | AV423: =VLOOKUP(C423,AWS1_30min!$C$4:$P$2747,14) -> 0 | AW423: =IF(AG423>=2,AV423/1000/1800) -> 0 | AX423: =IF(F423=1,AW423*Const!$B$13*Const!$B$14*(AH423-Const!$B$4)) -> FALSE | AY423: =IF(F423=1,-Const!$B$15*(Const!$B$4-Const!$B$31)/2) -> FALSE | AZ423: =IF(F423=1,AB423+AE423+AQ423+AT423+AY423+AX423) -> FALSE | BA423: =IF(V423=1,Const!$B$37,Const!$B$38) -> 602 | BB423: =IF(F423=1,AZ423/Const!$B$17*1800/BA423*1000) -> FALSE

Sheet Albedo
D1: альбедо в 12 ч на метеостанции AWS2 | E1: cредняя суточная температура воздуха на уровне 2 м на метеостанции AWS2 | F1: день со снегопадом на леднике | G1: число дней после последнего снегопада на леднике | H1: сумма температур воздуха со дня со снегопадом на метеостанции AWS2
A2: Дата | B2: Время | C2: Дата&Время | D2: α (AWS2, 12h) | E2: T2m (AWS2, d) | F2: SD | G2: nd | H2: Ta (AWS2)
A3: 43653 | B3: 0.5 | C3: =A3+B3 -> 43653.5 | D3: 0.63245449 | E3: 17.317 | F3: 0 | G3: 3 | H3: 35 | K3: начальные значения SD, nd и Ta (AWS2) задаются вручную (первый день периода моделирования)
A4: 43654 | B4: 0.5 | C4: =A4+B4 -> 43654.5 | D4: 0.66176471 | E4: 7.969 | F4: =IF((D4-D3)>=Const!$B$21,1,0) -> 0 | G4: =IF(F4=1,0,G3+1) -> 4 | H4: =IF(F4=1,E4,H3+E4) -> 42.969
A5: 43655 | B5: 0.5 | C5: =A5+B5 -> 43655.5 | D5: 0.72794118 | E5: 4.702 | F5: =IF((D5-D4)>=Const!$B$21,1,0) -> 1 | G5: =IF(F5=1,0,G4+1) -> 0 | H5: =IF(F5=1,E5,H4+E5) -> 4.702
A6: 43656 | B6: 0.5 | C6: =A6+B6 -> 43656.5 | D6: 0.68018905 | E6: 14.809 | F6: =IF((D6-D5)>=Const!$B$21,1,0) -> 0 | G6: =IF(F6=1,0,G5+1) -> 1 | H6: =IF(F6=1,E6,H5+E6) -> 19.511
A7: 43657 | B7: 0.5 | C7: =A7+B7 -> 43657.5 | D7: 0.66441207 | E7: 9.601 | F7: =IF((D7-D6)>=Const!$B$21,1,0) -> 0 | G7: =IF(F7=1,0,G6+1) -> 2 | H7: =IF(F7=1,E7,H6+E7) -> 29.112
A8: 43658 | B8: 0.5 | C8: =A8+B8 -> 43658.5 | D8: 0.6492986 | E8: 8.534 | F8: =IF((D8-D7)>=Const!$B$21,1,0) -> 0 | G8: =IF(F8=1,0,G7+1) -> 3 | H8: =IF(F8=1,E8,H7+E8) -> 37.646
A9: 43659 | B9: 0.5 | C9: =A9+B9 -> 43659.5 | D9: 0.7561848 | E9: 9.915 | F9: =IF((D9-D8)>=Const!$B$21,1,0) -> 1 | G9: =IF(F9=1,0,G8+1) -> 0 | H9: =IF(F9=1,E9,H8+E9) -> 9.915
A10: 43660 | B10: 0.5 | C10: =A10+B10 -> 43660.5 | D10: 0.71448598 | E10: 5.896 | F10: =IF((D10-D9)>=Const!$B$21,1,0) -> 0 | G10: =IF(F10=1,0,G9+1) -> 1 | H10: =IF(F10=1,E10,H9+E10) -> 15.811
A11: 43661 | B11: 0.5 | C11: =A11+B11 -> 43661.5 | D11: 0.62845982 | E11: 14.683 | F11: =IF((D11-D10)>=Const!$B$21,1,0) -> 0 | G11: =IF(F11=1,0,G10+1) -> 2 | H11: =IF(F11=1,E11,H10+E11) -> 30.494
A12: 43662 | B12: 0.5 | C12: =A12+B12 -> 43662.5 | D12: 0.56903164 | E12: 12.99 | F12: =IF((D12-D11)>=Const!$B$21,1,0) -> 0 | G12: =IF(F12=1,0,G11+1) -> 3 | H12: =IF(F12=1,E12,H11+E12) -> 43.484
A13: 43663 | B13: 0.5 | C13: =A13+B13 -> 43663.5 | D13: 0.58450935 | E13: 17.63 | F13: =IF((D13-D12)>=Const!$B$21,1,0) -> 0 | G13: =IF(F13=1,0,G12+1) -> 4 | H13: =IF(F13=1,E13,H12+E13) -> 61.114
A14: 43664 | B14: 0.5 | C14: =A14+B14 -> 43664.5 | D14: 0.58171361 | E14: 15.06 | F14: =IF((D14-D13)>=Const!$B$21,1,0) -> 0 | G14: =IF(F14=1,0,G13+1) -> 5 | H14: =IF(F14=1,E14,H13+E14) -> 76.174
A15: 43665 | B15: 0.5 | C15: =A15+B15 -> 43665.5 | D15: 0.64852941 | E15: 6.336 | F15: =IF((D15-D14)>=Const!$B$21,1,0) -> 1 | G15: =IF(F15=1,0,G14+1) -> 0 | H15: =IF(F15=1,E15,H14+E15) -> 6.336
... A58: 43708 | B58: 0.5 | C58: =A58+B58 -> 43708.5 | D58: 0.5885514 | E58: 2.754 | F58: =IF((D58-D57)>=Const!$B$21,1,0) -> 1 | G58: =IF(F58=1,0,G57+1) -> 0 | H58: =IF(F58=1,E58,H57+E58) -> 2.754
